-- phpMyAdmin SQL Dump
-- version 4.9.4
-- https://www.phpmyadmin.net/
--
-- Host: localhost:3306
-- Generation Time: May 17, 2020 at 06:06 PM
-- Server version: 10.3.22-MariaDB-log-cll-lve
-- PHP Version: 7.3.6

SET SQL_MODE = "NO_AUTO_VALUE_ON_ZERO";
SET AUTOCOMMIT = 0;
START TRANSACTION;
SET time_zone = "+00:00";


/*!40101 SET @OLD_CHARACTER_SET_CLIENT=@@CHARACTER_SET_CLIENT */;
/*!40101 SET @OLD_CHARACTER_SET_RESULTS=@@CHARACTER_SET_RESULTS */;
/*!40101 SET @OLD_COLLATION_CONNECTION=@@COLLATION_CONNECTION */;
/*!40101 SET NAMES utf8mb4 */;

--
-- Database: `pmhwebid_line_bot_covid`
--

-- --------------------------------------------------------

--
-- Table structure for table `detail_pengambilan_provinsi`
--

CREATE TABLE `detail_pengambilan_provinsi` (
  `id` int(11) NOT NULL,
  `id_pengambilan_provinsi` int(11) NOT NULL,
  `kode_provinsi` int(11) NOT NULL,
  `nama_provinsi` varchar(50) NOT NULL,
  `positif` int(11) NOT NULL,
  `sembuh` int(11) NOT NULL,
  `dalam_perawatan` int(11) NOT NULL,
  `meninggal` int(11) NOT NULL
) ENGINE=InnoDB DEFAULT CHARSET=utf8;

--
-- Dumping data for table `detail_pengambilan_provinsi`
--

INSERT INTO `detail_pengambilan_provinsi` (`id`, `id_pengambilan_provinsi`, `kode_provinsi`, `nama_provinsi`, `positif`, `sembuh`, `dalam_perawatan`, `meninggal`) VALUES
(103, 11, 31, 'DKI Jakarta', 1948, 82, 1707, 159),
(104, 11, 32, 'Jawa Barat', 421, 19, 362, 40),
(105, 11, 36, 'Banten', 279, 7, 251, 21),
(106, 11, 35, 'Jawa Timur', 267, 64, 178, 25),
(107, 11, 73, 'Sulawesi Selatan', 178, 25, 138, 15),
(108, 11, 33, 'Jawa Tengah', 144, 18, 104, 22),
(109, 11, 51, 'Bali', 79, 19, 58, 2),
(110, 11, 94, 'Papua', 62, 3, 57, 2),
(111, 11, 12, 'Sumatera Utara', 59, 8, 43, 8),
(112, 11, 34, 'Daerah Istimewa Yogyakarta', 41, 6, 28, 7),
(113, 11, 64, 'Kalimantan Timur', 35, 6, 28, 1),
(114, 11, 13, 'Sumatera Barat', 31, 7, 21, 3),
(115, 11, 63, 'Kalimantan Selatan', 29, 0, 27, 2),
(116, 11, 52, 'Nusa Tenggara Barat', 27, 2, 23, 2),
(117, 11, 62, 'Kalimantan Tengah', 24, 7, 16, 1),
(118, 11, 16, 'Sumatera Selatan', 21, 1, 18, 2),
(119, 11, 21, 'Kepulauan Riau', 21, 2, 18, 1),
(120, 11, 18, 'Lampung', 20, 1, 18, 1),
(121, 11, 72, 'Sulawesi Tengah', 19, 0, 17, 2),
(122, 11, 14, 'Riau', 16, 1, 15, 0),
(123, 11, 65, 'Kalimantan Utara', 16, 0, 15, 1),
(124, 11, 74, 'Sulawesi Tenggara', 16, 1, 14, 1),
(125, 11, 71, 'Sulawesi Utara', 13, 1, 10, 2),
(126, 11, 61, 'Kalimantan Barat', 10, 3, 5, 2),
(127, 11, 11, 'Aceh', 5, 1, 3, 1),
(128, 11, 76, 'Sulawesi Barat', 5, 0, 4, 1),
(129, 11, 15, 'Jambi', 4, 0, 4, 0),
(130, 11, 17, 'Bengkulu', 4, 0, 3, 1),
(131, 11, 19, 'Kepulauan Bangka Belitung', 4, 0, 3, 1),
(132, 11, 81, 'Maluku', 3, 1, 2, 0),
(133, 11, 82, 'Maluku Utara', 2, 1, 1, 0),
(134, 11, 91, 'Papua Barat', 2, 0, 1, 1),
(135, 11, 53, 'Nusa Tenggara Timur', 1, 0, 1, 0),
(136, 11, 75, 'Gorontalo', 1, 0, 1, 0),
(137, 12, 31, 'DKI Jakarta', 1948, 82, 1707, 159),
(138, 12, 32, 'Jawa Barat', 421, 19, 362, 40),
(139, 12, 36, 'Banten', 279, 7, 251, 21),
(140, 12, 35, 'Jawa Timur', 267, 64, 178, 25),
(141, 12, 73, 'Sulawesi Selatan', 178, 25, 138, 15),
(142, 12, 33, 'Jawa Tengah', 144, 18, 104, 22),
(143, 12, 51, 'Bali', 79, 19, 58, 2),
(144, 12, 94, 'Papua', 62, 3, 57, 2),
(145, 12, 12, 'Sumatera Utara', 59, 8, 43, 8),
(146, 12, 34, 'Daerah Istimewa Yogyakarta', 41, 6, 28, 7),
(147, 12, 64, 'Kalimantan Timur', 35, 6, 28, 1),
(148, 12, 13, 'Sumatera Barat', 31, 7, 21, 3),
(149, 12, 63, 'Kalimantan Selatan', 29, 0, 27, 2),
(150, 12, 52, 'Nusa Tenggara Barat', 27, 2, 23, 2),
(151, 12, 62, 'Kalimantan Tengah', 24, 7, 16, 1),
(152, 12, 16, 'Sumatera Selatan', 21, 1, 18, 2),
(153, 12, 21, 'Kepulauan Riau', 21, 2, 18, 1),
(154, 12, 18, 'Lampung', 20, 1, 18, 1),
(155, 12, 72, 'Sulawesi Tengah', 19, 0, 17, 2),
(156, 12, 14, 'Riau', 16, 1, 15, 0),
(157, 12, 65, 'Kalimantan Utara', 16, 0, 15, 1),
(158, 12, 74, 'Sulawesi Tenggara', 16, 1, 14, 1),
(159, 12, 71, 'Sulawesi Utara', 13, 1, 10, 2),
(160, 12, 61, 'Kalimantan Barat', 10, 3, 5, 2),
(161, 12, 11, 'Aceh', 5, 1, 3, 1),
(162, 12, 76, 'Sulawesi Barat', 5, 0, 4, 1),
(163, 12, 15, 'Jambi', 4, 0, 4, 0),
(164, 12, 17, 'Bengkulu', 4, 0, 3, 1),
(165, 12, 19, 'Kepulauan Bangka Belitung', 4, 0, 3, 1),
(166, 12, 81, 'Maluku', 3, 1, 2, 0),
(167, 12, 82, 'Maluku Utara', 2, 1, 1, 0),
(168, 12, 91, 'Papua Barat', 2, 0, 1, 1),
(169, 12, 53, 'Nusa Tenggara Timur', 1, 0, 1, 0),
(170, 12, 75, 'Gorontalo', 1, 0, 1, 0),
(171, 13, 31, 'DKI Jakarta', 2186, 142, 1840, 204),
(172, 13, 32, 'Jawa Barat', 540, 22, 466, 52),
(173, 13, 35, 'Jawa Timur', 440, 73, 337, 30),
(174, 13, 36, 'Banten', 285, 7, 256, 22),
(175, 13, 73, 'Sulawesi Selatan', 223, 31, 177, 15),
(176, 13, 33, 'Jawa Tengah', 203, 19, 159, 25),
(177, 13, 51, 'Bali', 86, 20, 64, 2),
(178, 13, 94, 'Papua', 68, 5, 60, 3),
(179, 13, 12, 'Sumatera Utara', 67, 9, 49, 9),
(180, 13, 34, 'Daerah Istimewa Yogyakarta', 57, 6, 44, 7),
(181, 13, 13, 'Sumatera Barat', 45, 7, 35, 3),
(182, 13, 52, 'Nusa Tenggara Barat', 37, 2, 33, 2),
(183, 13, 64, 'Kalimantan Timur', 35, 6, 28, 1),
(184, 13, 63, 'Kalimantan Selatan', 34, 0, 32, 2),
(185, 13, 62, 'Kalimantan Tengah', 25, 8, 16, 1),
(186, 13, 18, 'Lampung', 21, 1, 16, 4),
(187, 13, 21, 'Kepulauan Riau', 21, 2, 18, 1),
(188, 13, 14, 'Riau', 20, 1, 19, 0),
(189, 13, 72, 'Sulawesi Tengah', 19, 2, 15, 2),
(190, 13, 16, 'Sumatera Selatan', 18, 4, 12, 2),
(191, 13, 71, 'Sulawesi Utara', 17, 2, 13, 2),
(192, 13, 65, 'Kalimantan Utara', 16, 0, 15, 1),
(193, 13, 74, 'Sulawesi Tenggara', 16, 1, 14, 1),
(194, 13, 61, 'Kalimantan Barat', 13, 3, 7, 3),
(195, 13, 81, 'Maluku', 11, 1, 10, 0),
(196, 13, 11, 'Aceh', 5, 4, 0, 1),
(197, 13, 76, 'Sulawesi Barat', 5, 1, 3, 1),
(198, 13, 15, 'Jambi', 4, 0, 4, 0),
(199, 13, 17, 'Bengkulu', 4, 0, 3, 1),
(200, 13, 19, 'Kepulauan Bangka Belitung', 4, 0, 3, 1),
(201, 13, 82, 'Maluku Utara', 2, 1, 1, 0),
(202, 13, 91, 'Papua Barat', 2, 0, 1, 1),
(203, 13, 53, 'Nusa Tenggara Timur', 1, 0, 1, 0),
(204, 13, 75, 'Gorontalo', 1, 0, 1, 0),
(205, 14, 31, 'DKI Jakarta', 2335, 163, 1931, 241),
(206, 14, 32, 'Jawa Barat', 530, 23, 455, 52),
(207, 14, 35, 'Jawa Timur', 475, 76, 358, 41),
(208, 14, 36, 'Banten', 280, 7, 251, 22),
(209, 14, 73, 'Sulawesi Selatan', 231, 33, 183, 15),
(210, 14, 33, 'Jawa Tengah', 278, 19, 233, 26),
(211, 14, 51, 'Bali', 92, 21, 69, 2),
(212, 14, 94, 'Papua', 68, 5, 60, 3),
(213, 14, 12, 'Sumatera Utara', 72, 10, 53, 9),
(214, 14, 34, 'Daerah Istimewa Yogyakarta', 62, 18, 37, 7),
(215, 14, 13, 'Sumatera Barat', 48, 7, 36, 5),
(216, 14, 52, 'Nusa Tenggara Barat', 37, 2, 33, 2),
(217, 14, 64, 'Kalimantan Timur', 35, 6, 28, 1),
(218, 14, 63, 'Kalimantan Selatan', 37, 3, 29, 5),
(219, 14, 62, 'Kalimantan Tengah', 25, 8, 16, 1),
(220, 14, 18, 'Lampung', 21, 1, 15, 5),
(221, 14, 21, 'Kepulauan Riau', 26, 2, 19, 5),
(222, 14, 14, 'Riau', 20, 1, 19, 0),
(223, 14, 72, 'Sulawesi Tengah', 19, 2, 14, 3),
(224, 14, 16, 'Sumatera Selatan', 19, 4, 13, 2),
(225, 14, 71, 'Sulawesi Utara', 17, 2, 13, 2),
(226, 14, 65, 'Kalimantan Utara', 16, 0, 15, 1),
(227, 14, 74, 'Sulawesi Tenggara', 16, 1, 14, 1),
(228, 14, 61, 'Kalimantan Barat', 13, 5, 5, 3),
(229, 14, 81, 'Maluku', 11, 1, 10, 0),
(230, 14, 11, 'Aceh', 5, 4, 0, 1),
(231, 14, 76, 'Sulawesi Barat', 5, 1, 3, 1),
(232, 14, 15, 'Jambi', 5, 0, 5, 0),
(233, 14, 17, 'Bengkulu', 4, 0, 3, 1),
(234, 14, 19, 'Kepulauan Bangka Belitung', 4, 0, 3, 1),
(235, 14, 82, 'Maluku Utara', 2, 1, 1, 0),
(236, 14, 91, 'Papua Barat', 2, 0, 1, 1),
(237, 14, 53, 'Nusa Tenggara Timur', 1, 0, 1, 0),
(238, 14, 75, 'Gorontalo', 1, 0, 1, 0),
(239, 15, 31, 'DKI Jakarta', 2474, 164, 2068, 242),
(240, 15, 32, 'Jawa Barat', 559, 23, 484, 52),
(241, 15, 35, 'Jawa Timur', 499, 81, 373, 45),
(242, 15, 36, 'Banten', 281, 7, 249, 25),
(243, 15, 33, 'Jawa Tengah', 292, 19, 246, 27),
(244, 15, 73, 'Sulawesi Selatan', 242, 42, 185, 15),
(245, 15, 51, 'Bali', 98, 23, 73, 2),
(246, 15, 12, 'Sumatera Utara', 78, 10, 59, 9),
(247, 15, 94, 'Papua', 75, 5, 67, 3),
(248, 15, 34, 'Daerah Istimewa Yogyakarta', 62, 18, 37, 7),
(249, 15, 13, 'Sumatera Barat', 55, 8, 43, 4),
(250, 15, 52, 'Nusa Tenggara Barat', 37, 2, 33, 2),
(251, 15, 63, 'Kalimantan Selatan', 49, 3, 40, 6),
(252, 15, 64, 'Kalimantan Timur', 35, 6, 28, 1),
(253, 15, 21, 'Kepulauan Riau', 32, 2, 25, 5),
(254, 15, 62, 'Kalimantan Tengah', 33, 8, 23, 2),
(255, 15, 18, 'Lampung', 20, 1, 14, 5),
(256, 15, 14, 'Riau', 20, 1, 19, 0),
(257, 15, 16, 'Sumatera Selatan', 22, 4, 16, 2),
(258, 15, 72, 'Sulawesi Tengah', 22, 2, 17, 3),
(259, 15, 71, 'Sulawesi Utara', 18, 2, 14, 2),
(260, 15, 65, 'Kalimantan Utara', 20, 1, 18, 1),
(261, 15, 74, 'Sulawesi Tenggara', 24, 1, 22, 1),
(262, 15, 61, 'Kalimantan Barat', 13, 5, 5, 3),
(263, 15, 81, 'Maluku', 14, 1, 13, 0),
(264, 15, 11, 'Aceh', 5, 4, 0, 1),
(265, 15, 15, 'Jambi', 6, 0, 6, 0),
(266, 15, 76, 'Sulawesi Barat', 7, 1, 5, 1),
(267, 15, 17, 'Bengkulu', 4, 0, 3, 1),
(268, 15, 19, 'Kepulauan Bangka Belitung', 5, 0, 4, 1),
(269, 15, 82, 'Maluku Utara', 4, 2, 2, 0),
(270, 15, 91, 'Papua Barat', 2, 0, 1, 1),
(271, 15, 53, 'Nusa Tenggara Timur', 1, 0, 1, 0),
(272, 15, 75, 'Gorontalo', 1, 0, 1, 0),
(273, 16, 31, 'DKI Jakarta', 2670, 202, 2224, 244),
(274, 16, 32, 'Jawa Barat', 570, 28, 489, 53),
(275, 16, 35, 'Jawa Timur', 514, 86, 382, 46),
(276, 16, 33, 'Jawa Tengah', 300, 19, 254, 27),
(277, 16, 36, 'Banten', 297, 7, 258, 32),
(278, 16, 73, 'Sulawesi Selatan', 271, 42, 206, 23),
(279, 16, 51, 'Bali', 113, 32, 79, 2),
(280, 16, 12, 'Sumatera Utara', 79, 12, 58, 9),
(281, 16, 94, 'Papua', 80, 15, 59, 6),
(282, 16, 34, 'Daerah Istimewa Yogyakarta', 62, 22, 33, 7),
(283, 16, 13, 'Sumatera Barat', 55, 8, 43, 4),
(284, 16, 63, 'Kalimantan Selatan', 59, 6, 47, 6),
(285, 16, 52, 'Nusa Tenggara Barat', 45, 2, 41, 2),
(286, 16, 64, 'Kalimantan Timur', 44, 10, 33, 1),
(287, 16, 62, 'Kalimantan Tengah', 34, 8, 24, 2),
(288, 16, 21, 'Kepulauan Riau', 38, 5, 26, 7),
(289, 16, 74, 'Sulawesi Tenggara', 26, 4, 21, 1),
(290, 16, 16, 'Sumatera Selatan', 37, 5, 30, 2),
(291, 16, 72, 'Sulawesi Tengah', 22, 2, 17, 3),
(292, 16, 14, 'Riau', 24, 5, 16, 3),
(293, 16, 18, 'Lampung', 25, 8, 12, 5),
(294, 16, 65, 'Kalimantan Utara', 28, 2, 25, 1),
(295, 16, 71, 'Sulawesi Utara', 18, 5, 11, 2),
(296, 16, 81, 'Maluku', 14, 1, 13, 0),
(297, 16, 61, 'Kalimantan Barat', 21, 5, 13, 3),
(298, 16, 76, 'Sulawesi Barat', 7, 1, 5, 1),
(299, 16, 15, 'Jambi', 7, 0, 7, 0),
(300, 16, 11, 'Aceh', 5, 4, 0, 1),
(301, 16, 19, 'Kepulauan Bangka Belitung', 6, 0, 5, 1),
(302, 16, 17, 'Bengkulu', 4, 0, 3, 1),
(303, 16, 82, 'Maluku Utara', 4, 2, 2, 0),
(304, 16, 91, 'Papua Barat', 5, 0, 4, 1),
(305, 16, 53, 'Nusa Tenggara Timur', 1, 0, 1, 0),
(306, 16, 75, 'Gorontalo', 4, 0, 4, 0),
(307, 17, 31, 'DKI Jakarta', 2815, 204, 2365, 246),
(308, 17, 32, 'Jawa Barat', 632, 41, 535, 56),
(309, 17, 35, 'Jawa Timur', 522, 94, 382, 46),
(310, 17, 33, 'Jawa Tengah', 304, 36, 227, 41),
(311, 17, 36, 'Banten', 311, 9, 268, 34),
(312, 17, 73, 'Sulawesi Selatan', 332, 43, 266, 23),
(313, 17, 51, 'Bali', 124, 36, 86, 2),
(314, 17, 94, 'Papua', 89, 15, 68, 6),
(315, 17, 12, 'Sumatera Utara', 79, 12, 58, 9),
(316, 17, 34, 'Daerah Istimewa Yogyakarta', 64, 25, 32, 7),
(317, 17, 63, 'Kalimantan Selatan', 74, 6, 62, 6),
(318, 17, 13, 'Sumatera Barat', 62, 11, 45, 6),
(319, 17, 52, 'Nusa Tenggara Barat', 51, 2, 47, 2),
(320, 17, 64, 'Kalimantan Timur', 44, 10, 33, 1),
(321, 17, 21, 'Kepulauan Riau', 58, 5, 46, 7),
(322, 17, 16, 'Sumatera Selatan', 54, 5, 47, 2),
(323, 17, 62, 'Kalimantan Tengah', 35, 8, 25, 2),
(324, 17, 65, 'Kalimantan Utara', 47, 2, 44, 1),
(325, 17, 74, 'Sulawesi Tenggara', 27, 4, 22, 1),
(326, 17, 18, 'Lampung', 26, 10, 11, 5),
(327, 17, 14, 'Riau', 26, 9, 13, 4),
(328, 17, 72, 'Sulawesi Tengah', 24, 2, 19, 3),
(329, 17, 61, 'Kalimantan Barat', 21, 5, 13, 3),
(330, 17, 71, 'Sulawesi Utara', 18, 5, 11, 2),
(331, 17, 81, 'Maluku', 14, 1, 13, 0),
(332, 17, 15, 'Jambi', 8, 0, 8, 0),
(333, 17, 76, 'Sulawesi Barat', 7, 1, 5, 1),
(334, 17, 19, 'Kepulauan Bangka Belitung', 6, 0, 5, 1),
(335, 17, 11, 'Aceh', 5, 4, 0, 1),
(336, 17, 91, 'Papua Barat', 5, 0, 4, 1),
(337, 17, 17, 'Bengkulu', 4, 0, 3, 1),
(338, 17, 75, 'Gorontalo', 4, 0, 4, 0),
(339, 17, 82, 'Maluku Utara', 4, 2, 2, 0),
(340, 17, 53, 'Nusa Tenggara Timur', 1, 0, 1, 0),
(341, 18, 31, 'DKI Jakarta', 2924, 205, 2466, 253),
(342, 18, 32, 'Jawa Barat', 641, 41, 544, 56),
(343, 18, 35, 'Jawa Timur', 555, 96, 410, 49),
(344, 18, 73, 'Sulawesi Selatan', 343, 43, 275, 25),
(345, 18, 36, 'Banten', 321, 9, 278, 34),
(346, 18, 33, 'Jawa Tengah', 329, 44, 244, 41),
(347, 18, 51, 'Bali', 131, 36, 92, 3),
(348, 18, 94, 'Papua', 95, 18, 71, 6),
(349, 18, 12, 'Sumatera Utara', 79, 12, 58, 9),
(350, 18, 63, 'Kalimantan Selatan', 92, 6, 80, 6),
(351, 18, 34, 'Daerah Istimewa Yogyakarta', 67, 26, 34, 7),
(352, 18, 13, 'Sumatera Barat', 71, 13, 51, 7),
(353, 18, 21, 'Kepulauan Riau', 79, 6, 66, 7),
(354, 18, 16, 'Sumatera Selatan', 84, 5, 77, 2),
(355, 18, 52, 'Nusa Tenggara Barat', 55, 2, 51, 2),
(356, 18, 65, 'Kalimantan Utara', 50, 2, 47, 1),
(357, 18, 64, 'Kalimantan Timur', 54, 11, 42, 1),
(358, 18, 62, 'Kalimantan Tengah', 41, 8, 31, 2),
(359, 18, 74, 'Sulawesi Tenggara', 28, 4, 22, 2),
(360, 18, 14, 'Riau', 30, 9, 17, 4),
(361, 18, 18, 'Lampung', 26, 10, 11, 5),
(362, 18, 72, 'Sulawesi Tengah', 24, 2, 19, 3),
(363, 18, 61, 'Kalimantan Barat', 21, 5, 13, 3),
(364, 18, 71, 'Sulawesi Utara', 20, 5, 13, 2),
(365, 18, 81, 'Maluku', 17, 6, 11, 0),
(366, 18, 15, 'Jambi', 8, 0, 8, 0),
(367, 18, 76, 'Sulawesi Barat', 7, 1, 5, 1),
(368, 18, 19, 'Kepulauan Bangka Belitung', 6, 0, 5, 1),
(369, 18, 11, 'Aceh', 6, 4, 1, 1),
(370, 18, 91, 'Papua Barat', 5, 0, 4, 1),
(371, 18, 17, 'Bengkulu', 4, 0, 3, 1),
(372, 18, 75, 'Gorontalo', 4, 0, 4, 0),
(373, 18, 82, 'Maluku Utara', 4, 2, 2, 0),
(374, 18, 53, 'Nusa Tenggara Timur', 1, 0, 1, 0),
(375, 19, 31, 'DKI Jakarta', 3032, 234, 2511, 287),
(376, 19, 32, 'Jawa Barat', 696, 45, 592, 59),
(377, 19, 35, 'Jawa Timur', 590, 98, 438, 54),
(378, 19, 73, 'Sulawesi Selatan', 370, 43, 302, 25),
(379, 19, 33, 'Jawa Tengah', 349, 51, 254, 44),
(380, 19, 36, 'Banten', 324, 9, 281, 34),
(381, 19, 51, 'Bali', 135, 38, 94, 3),
(382, 19, 94, 'Papua', 107, 18, 83, 6),
(383, 19, 63, 'Kalimantan Selatan', 96, 6, 84, 6),
(384, 19, 16, 'Sumatera Selatan', 89, 5, 81, 3),
(385, 19, 12, 'Sumatera Utara', 81, 12, 60, 9),
(386, 19, 21, 'Kepulauan Riau', 79, 6, 66, 7),
(387, 19, 13, 'Sumatera Barat', 72, 13, 52, 7),
(388, 19, 34, 'Daerah Istimewa Yogyakarta', 67, 27, 33, 7),
(389, 19, 52, 'Nusa Tenggara Barat', 61, 11, 47, 3),
(390, 19, 64, 'Kalimantan Timur', 59, 11, 47, 1),
(391, 19, 65, 'Kalimantan Utara', 69, 2, 66, 1),
(392, 19, 62, 'Kalimantan Tengah', 46, 8, 36, 2),
(393, 19, 14, 'Riau', 30, 9, 17, 4),
(394, 19, 74, 'Sulawesi Tenggara', 37, 4, 31, 2),
(395, 19, 18, 'Lampung', 26, 10, 11, 5),
(396, 19, 72, 'Sulawesi Tengah', 27, 2, 22, 3),
(397, 19, 61, 'Kalimantan Barat', 21, 6, 12, 3),
(398, 19, 71, 'Sulawesi Utara', 20, 5, 13, 2),
(399, 19, 81, 'Maluku', 17, 6, 11, 0),
(400, 19, 15, 'Jambi', 8, 0, 8, 0),
(401, 19, 76, 'Sulawesi Barat', 7, 1, 5, 1),
(402, 19, 11, 'Aceh', 7, 4, 2, 1),
(403, 19, 19, 'Kepulauan Bangka Belitung', 7, 0, 6, 1),
(404, 19, 91, 'Papua Barat', 7, 0, 6, 1),
(405, 19, 17, 'Bengkulu', 4, 0, 3, 1),
(406, 19, 75, 'Gorontalo', 4, 0, 4, 0),
(407, 19, 82, 'Maluku Utara', 4, 2, 2, 0),
(408, 19, 53, 'Nusa Tenggara Timur', 1, 0, 1, 0),
(409, 20, 31, 'DKI Jakarta', 3097, 230, 2580, 287),
(410, 20, 32, 'Jawa Barat', 747, 56, 629, 62),
(411, 20, 35, 'Jawa Timur', 590, 98, 436, 56),
(412, 20, 73, 'Sulawesi Selatan', 370, 63, 282, 25),
(413, 20, 33, 'Jawa Tengah', 351, 51, 256, 44),
(414, 20, 36, 'Banten', 341, 17, 289, 35),
(415, 20, 51, 'Bali', 140, 42, 95, 3),
(416, 20, 94, 'Papua', 107, 28, 73, 6),
(417, 20, 63, 'Kalimantan Selatan', 96, 9, 81, 6),
(418, 20, 16, 'Sumatera Selatan', 89, 5, 81, 3),
(419, 20, 12, 'Sumatera Utara', 83, 13, 61, 9),
(420, 20, 21, 'Kepulauan Riau', 79, 6, 66, 7),
(421, 20, 13, 'Sumatera Barat', 74, 13, 54, 7),
(422, 20, 65, 'Kalimantan Utara', 74, 2, 71, 1),
(423, 20, 34, 'Daerah Istimewa Yogyakarta', 69, 28, 34, 7),
(424, 20, 52, 'Nusa Tenggara Barat', 72, 11, 57, 4),
(425, 20, 64, 'Kalimantan Timur', 63, 11, 51, 1),
(426, 20, 62, 'Kalimantan Tengah', 60, 9, 48, 3),
(427, 20, 74, 'Sulawesi Tenggara', 37, 4, 31, 2),
(428, 20, 14, 'Riau', 34, 9, 21, 4),
(429, 20, 72, 'Sulawesi Tengah', 27, 2, 22, 3),
(430, 20, 18, 'Lampung', 26, 10, 11, 5),
(431, 20, 61, 'Kalimantan Barat', 21, 6, 12, 3),
(432, 20, 71, 'Sulawesi Utara', 20, 5, 13, 2),
(433, 20, 81, 'Maluku', 17, 10, 7, 0),
(434, 20, 15, 'Jambi', 8, 0, 8, 0),
(435, 20, 11, 'Aceh', 7, 4, 2, 1),
(436, 20, 19, 'Kepulauan Bangka Belitung', 7, 1, 5, 1),
(437, 20, 76, 'Sulawesi Barat', 7, 1, 5, 1),
(438, 20, 91, 'Papua Barat', 7, 0, 6, 1),
(439, 20, 17, 'Bengkulu', 4, 0, 3, 1),
(440, 20, 75, 'Gorontalo', 4, 0, 4, 0),
(441, 20, 82, 'Maluku Utara', 4, 2, 2, 0),
(442, 20, 53, 'Nusa Tenggara Timur', 1, 0, 1, 0),
(443, 21, 31, 'DKI Jakarta', 3260, 286, 2676, 298),
(444, 21, 32, 'Jawa Barat', 756, 75, 613, 68),
(445, 21, 35, 'Jawa Timur', 603, 100, 447, 56),
(446, 21, 73, 'Sulawesi Selatan', 374, 73, 271, 30),
(447, 21, 33, 'Jawa Tengah', 449, 51, 354, 44),
(448, 21, 36, 'Banten', 341, 17, 289, 35),
(449, 21, 51, 'Bali', 150, 42, 105, 3),
(450, 21, 94, 'Papua', 118, 28, 84, 6),
(451, 21, 63, 'Kalimantan Selatan', 98, 9, 83, 6),
(452, 21, 16, 'Sumatera Selatan', 89, 5, 81, 3),
(453, 21, 12, 'Sumatera Utara', 84, 13, 62, 9),
(454, 21, 21, 'Kepulauan Riau', 81, 8, 65, 8),
(455, 21, 13, 'Sumatera Barat', 76, 13, 56, 7),
(456, 21, 65, 'Kalimantan Utara', 77, 2, 74, 1),
(457, 21, 52, 'Nusa Tenggara Barat', 93, 11, 78, 4),
(458, 21, 34, 'Daerah Istimewa Yogyakarta', 72, 30, 35, 7),
(459, 21, 64, 'Kalimantan Timur', 68, 11, 56, 1),
(460, 21, 62, 'Kalimantan Tengah', 67, 9, 54, 4),
(461, 21, 74, 'Sulawesi Tenggara', 37, 4, 31, 2),
(462, 21, 14, 'Riau', 35, 9, 22, 4),
(463, 21, 72, 'Sulawesi Tengah', 27, 3, 21, 3),
(464, 21, 18, 'Lampung', 27, 10, 12, 5),
(465, 21, 61, 'Kalimantan Barat', 27, 7, 17, 3),
(466, 21, 71, 'Sulawesi Utara', 20, 5, 12, 3),
(467, 21, 81, 'Maluku', 17, 10, 7, 0),
(468, 21, 15, 'Jambi', 13, 1, 12, 0),
(469, 21, 11, 'Aceh', 7, 4, 2, 1),
(470, 21, 19, 'Kepulauan Bangka Belitung', 8, 2, 5, 1),
(471, 21, 76, 'Sulawesi Barat', 7, 1, 5, 1),
(472, 21, 91, 'Papua Barat', 7, 0, 6, 1),
(473, 21, 17, 'Bengkulu', 8, 1, 6, 1),
(474, 21, 75, 'Gorontalo', 7, 0, 6, 1),
(475, 21, 82, 'Maluku Utara', 4, 2, 2, 0),
(476, 21, 53, 'Nusa Tenggara Timur', 1, 0, 1, 0),
(477, 22, 31, 'DKI Jakarta', 3383, 322, 2760, 301),
(478, 22, 32, 'Jawa Barat', 762, 79, 612, 71),
(479, 22, 35, 'Jawa Timur', 638, 101, 479, 58),
(480, 22, 33, 'Jawa Tengah', 479, 54, 373, 52),
(481, 22, 73, 'Sulawesi Selatan', 387, 75, 282, 30),
(482, 22, 36, 'Banten', 337, 29, 273, 35),
(483, 22, 51, 'Bali', 152, 47, 101, 4),
(484, 22, 94, 'Papua', 123, 28, 89, 6),
(485, 22, 63, 'Kalimantan Selatan', 107, 9, 92, 6),
(486, 22, 52, 'Nusa Tenggara Barat', 108, 11, 93, 4),
(487, 22, 16, 'Sumatera Selatan', 89, 5, 81, 3),
(488, 22, 12, 'Sumatera Utara', 93, 21, 62, 10),
(489, 22, 21, 'Kepulauan Riau', 81, 8, 65, 8),
(490, 22, 65, 'Kalimantan Utara', 77, 2, 74, 1),
(491, 22, 13, 'Sumatera Barat', 81, 13, 60, 8),
(492, 22, 34, 'Daerah Istimewa Yogyakarta', 75, 30, 38, 7),
(493, 22, 64, 'Kalimantan Timur', 69, 11, 57, 1),
(494, 22, 62, 'Kalimantan Tengah', 82, 9, 69, 4),
(495, 22, 74, 'Sulawesi Tenggara', 37, 4, 31, 2),
(496, 22, 14, 'Riau', 35, 9, 22, 4),
(497, 22, 18, 'Lampung', 27, 10, 12, 5),
(498, 22, 61, 'Kalimantan Barat', 31, 7, 21, 3),
(499, 22, 72, 'Sulawesi Tengah', 29, 3, 23, 3),
(500, 22, 71, 'Sulawesi Utara', 20, 5, 12, 3),
(501, 22, 81, 'Maluku', 17, 10, 7, 0),
(502, 22, 15, 'Jambi', 13, 1, 12, 0),
(503, 22, 17, 'Bengkulu', 8, 1, 6, 1),
(504, 22, 19, 'Kepulauan Bangka Belitung', 8, 2, 5, 1),
(505, 22, 11, 'Aceh', 7, 4, 2, 1),
(506, 22, 75, 'Gorontalo', 7, 0, 6, 1),
(507, 22, 76, 'Sulawesi Barat', 8, 1, 6, 1),
(508, 22, 91, 'Papua Barat', 8, 0, 7, 1),
(509, 22, 82, 'Maluku Utara', 12, 2, 10, 0),
(510, 22, 53, 'Nusa Tenggara Timur', 1, 0, 1, 0),
(511, 23, 31, 'DKI Jakarta', 3517, 326, 2890, 301),
(512, 23, 32, 'Jawa Barat', 784, 87, 623, 74),
(513, 23, 35, 'Jawa Timur', 664, 112, 492, 60),
(514, 23, 33, 'Jawa Tengah', 538, 54, 431, 53),
(515, 23, 73, 'Sulawesi Selatan', 397, 80, 283, 34),
(516, 23, 36, 'Banten', 337, 29, 273, 35),
(517, 23, 51, 'Bali', 167, 55, 108, 4),
(518, 23, 94, 'Papua', 130, 32, 92, 6),
(519, 23, 52, 'Nusa Tenggara Barat', 115, 13, 98, 4),
(520, 23, 63, 'Kalimantan Selatan', 114, 9, 99, 6),
(521, 23, 12, 'Sumatera Utara', 95, 21, 63, 11),
(522, 23, 16, 'Sumatera Selatan', 93, 5, 85, 3),
(523, 23, 62, 'Kalimantan Tengah', 83, 9, 70, 4),
(524, 23, 13, 'Sumatera Barat', 86, 16, 61, 9),
(525, 23, 21, 'Kepulauan Riau', 83, 8, 67, 8),
(526, 23, 65, 'Kalimantan Utara', 77, 2, 74, 1),
(527, 23, 34, 'Daerah Istimewa Yogyakarta', 76, 32, 37, 7),
(528, 23, 64, 'Kalimantan Timur', 74, 11, 62, 1),
(529, 23, 74, 'Sulawesi Tenggara', 37, 4, 31, 2),
(530, 23, 14, 'Riau', 36, 9, 23, 4),
(531, 23, 61, 'Kalimantan Barat', 50, 7, 40, 3),
(532, 23, 72, 'Sulawesi Tengah', 29, 3, 23, 3),
(533, 23, 18, 'Lampung', 38, 10, 23, 5),
(534, 23, 71, 'Sulawesi Utara', 31, 5, 23, 3),
(535, 23, 81, 'Maluku', 17, 10, 7, 0),
(536, 23, 15, 'Jambi', 14, 1, 13, 0),
(537, 23, 82, 'Maluku Utara', 14, 2, 12, 0),
(538, 23, 17, 'Bengkulu', 8, 1, 6, 1),
(539, 23, 19, 'Kepulauan Bangka Belitung', 8, 2, 5, 1),
(540, 23, 76, 'Sulawesi Barat', 8, 1, 6, 1),
(541, 23, 91, 'Papua Barat', 13, 0, 12, 1),
(542, 23, 11, 'Aceh', 7, 4, 2, 1),
(543, 23, 75, 'Gorontalo', 7, 0, 6, 1),
(544, 23, 53, 'Nusa Tenggara Timur', 1, 0, 1, 0),
(545, 24, 31, 'DKI Jakarta', 3599, 327, 2946, 326),
(546, 24, 32, 'Jawa Barat', 862, 90, 695, 77),
(547, 24, 35, 'Jawa Timur', 690, 128, 495, 67),
(548, 24, 33, 'Jawa Tengah', 575, 58, 463, 54),
(549, 24, 73, 'Sulawesi Selatan', 420, 81, 304, 35),
(550, 24, 36, 'Banten', 359, 33, 287, 39),
(551, 24, 51, 'Bali', 177, 55, 118, 4),
(552, 24, 94, 'Papua', 136, 32, 98, 6),
(553, 24, 52, 'Nusa Tenggara Barat', 153, 15, 134, 4),
(554, 24, 63, 'Kalimantan Selatan', 132, 10, 116, 6),
(555, 24, 12, 'Sumatera Utara', 96, 21, 64, 11),
(556, 24, 16, 'Sumatera Selatan', 106, 5, 98, 3),
(557, 24, 13, 'Sumatera Barat', 96, 17, 69, 10),
(558, 24, 21, 'Kepulauan Riau', 83, 9, 66, 8),
(559, 24, 62, 'Kalimantan Tengah', 94, 9, 81, 4),
(560, 24, 65, 'Kalimantan Utara', 77, 2, 74, 1),
(561, 24, 34, 'Daerah Istimewa Yogyakarta', 77, 36, 34, 7),
(562, 24, 64, 'Kalimantan Timur', 85, 11, 73, 1),
(563, 24, 61, 'Kalimantan Barat', 50, 7, 40, 3),
(564, 24, 18, 'Lampung', 38, 10, 23, 5),
(565, 24, 74, 'Sulawesi Tenggara', 41, 5, 34, 2),
(566, 24, 14, 'Riau', 36, 12, 20, 4),
(567, 24, 71, 'Sulawesi Utara', 36, 5, 28, 3),
(568, 24, 72, 'Sulawesi Tengah', 32, 3, 26, 3),
(569, 24, 81, 'Maluku', 17, 10, 7, 0),
(570, 24, 15, 'Jambi', 18, 1, 17, 0),
(571, 24, 82, 'Maluku Utara', 14, 2, 12, 0),
(572, 24, 91, 'Papua Barat', 15, 0, 14, 1),
(573, 24, 17, 'Bengkulu', 8, 1, 6, 1),
(574, 24, 19, 'Kepulauan Bangka Belitung', 9, 2, 6, 1),
(575, 24, 76, 'Sulawesi Barat', 33, 1, 31, 1),
(576, 24, 11, 'Aceh', 8, 4, 3, 1),
(577, 24, 75, 'Gorontalo', 12, 0, 11, 1),
(578, 24, 53, 'Nusa Tenggara Timur', 1, 0, 1, 0),
(579, 25, 31, 'DKI Jakarta', 3684, 334, 3004, 346),
(580, 25, 32, 'Jawa Barat', 907, 93, 737, 77),
(581, 25, 35, 'Jawa Timur', 770, 133, 562, 75),
(582, 25, 33, 'Jawa Tengah', 621, 58, 509, 54),
(583, 25, 73, 'Sulawesi Selatan', 432, 82, 314, 36),
(584, 25, 36, 'Banten', 370, 33, 298, 39),
(585, 25, 51, 'Bali', 183, 70, 109, 4),
(586, 25, 52, 'Nusa Tenggara Barat', 180, 20, 156, 4),
(587, 25, 94, 'Papua', 136, 32, 98, 6),
(588, 25, 63, 'Kalimantan Selatan', 146, 10, 130, 6),
(589, 25, 16, 'Sumatera Selatan', 119, 5, 111, 3),
(590, 25, 12, 'Sumatera Utara', 105, 21, 72, 12),
(591, 25, 13, 'Sumatera Barat', 97, 20, 66, 11),
(592, 25, 62, 'Kalimantan Tengah', 100, 9, 87, 4),
(593, 25, 64, 'Kalimantan Timur', 97, 11, 85, 1),
(594, 25, 21, 'Kepulauan Riau', 83, 9, 66, 8),
(595, 25, 34, 'Daerah Istimewa Yogyakarta', 79, 36, 36, 7),
(596, 25, 65, 'Kalimantan Utara', 83, 2, 80, 1),
(597, 25, 61, 'Kalimantan Barat', 51, 7, 41, 3),
(598, 25, 74, 'Sulawesi Tenggara', 41, 5, 34, 2),
(599, 25, 18, 'Lampung', 38, 10, 23, 5),
(600, 25, 14, 'Riau', 38, 13, 21, 4),
(601, 25, 71, 'Sulawesi Utara', 36, 5, 28, 3),
(602, 25, 76, 'Sulawesi Barat', 35, 1, 33, 1),
(603, 25, 72, 'Sulawesi Tengah', 36, 3, 30, 3),
(604, 25, 15, 'Jambi', 21, 1, 20, 0),
(605, 25, 81, 'Maluku', 22, 10, 12, 0),
(606, 25, 91, 'Papua Barat', 16, 0, 15, 1),
(607, 25, 82, 'Maluku Utara', 14, 2, 12, 0),
(608, 25, 75, 'Gorontalo', 14, 0, 13, 1),
(609, 25, 19, 'Kepulauan Bangka Belitung', 9, 2, 6, 1),
(610, 25, 11, 'Aceh', 9, 4, 4, 1),
(611, 25, 17, 'Bengkulu', 8, 1, 6, 1),
(612, 25, 53, 'Nusa Tenggara Timur', 1, 0, 1, 0),
(613, 26, 31, 'DKI Jakarta', 3798, 335, 3110, 353),
(614, 26, 32, 'Jawa Barat', 912, 93, 742, 77),
(615, 26, 35, 'Jawa Timur', 785, 138, 560, 87),
(616, 26, 33, 'Jawa Tengah', 649, 72, 519, 58),
(617, 26, 73, 'Sulawesi Selatan', 440, 99, 305, 36),
(618, 26, 36, 'Banten', 370, 33, 298, 39),
(619, 26, 51, 'Bali', 186, 75, 107, 4),
(620, 26, 52, 'Nusa Tenggara Barat', 195, 20, 171, 4),
(621, 26, 63, 'Kalimantan Selatan', 146, 10, 130, 6),
(622, 26, 94, 'Papua', 141, 32, 103, 6),
(623, 26, 16, 'Sumatera Selatan', 129, 18, 108, 3),
(624, 26, 12, 'Sumatera Utara', 111, 21, 78, 12),
(625, 26, 62, 'Kalimantan Tengah', 104, 9, 91, 4),
(626, 26, 13, 'Sumatera Barat', 102, 20, 71, 11),
(627, 26, 64, 'Kalimantan Timur', 105, 11, 93, 1),
(628, 26, 21, 'Kepulauan Riau', 85, 9, 68, 8),
(629, 26, 65, 'Kalimantan Utara', 89, 2, 86, 1),
(630, 26, 34, 'Daerah Istimewa Yogyakarta', 82, 36, 39, 7),
(631, 26, 61, 'Kalimantan Barat', 51, 7, 41, 3),
(632, 26, 74, 'Sulawesi Tenggara', 45, 6, 37, 2),
(633, 26, 14, 'Riau', 39, 14, 21, 4),
(634, 26, 18, 'Lampung', 42, 10, 27, 5),
(635, 26, 71, 'Sulawesi Utara', 40, 11, 26, 3),
(636, 26, 72, 'Sulawesi Tengah', 36, 3, 30, 3),
(637, 26, 76, 'Sulawesi Barat', 35, 1, 33, 1),
(638, 26, 81, 'Maluku', 22, 11, 11, 0),
(639, 26, 15, 'Jambi', 32, 1, 31, 0),
(640, 26, 91, 'Papua Barat', 16, 0, 15, 1),
(641, 26, 75, 'Gorontalo', 15, 0, 14, 1),
(642, 26, 82, 'Maluku Utara', 26, 2, 24, 0),
(643, 26, 11, 'Aceh', 9, 4, 4, 1),
(644, 26, 19, 'Kepulauan Bangka Belitung', 10, 2, 7, 1),
(645, 26, 17, 'Bengkulu', 8, 1, 6, 1),
(646, 26, 53, 'Nusa Tenggara Timur', 1, 1, 0, 0),
(647, 27, 31, 'DKI Jakarta', 3869, 337, 3165, 367),
(648, 27, 32, 'Jawa Barat', 951, 96, 777, 78),
(649, 27, 35, 'Jawa Timur', 796, 140, 568, 88),
(650, 27, 33, 'Jawa Tengah', 666, 88, 520, 58),
(651, 27, 73, 'Sulawesi Selatan', 440, 106, 297, 37),
(652, 27, 36, 'Banten', 382, 33, 309, 40),
(653, 27, 52, 'Nusa Tenggara Barat', 206, 22, 180, 4),
(654, 27, 51, 'Bali', 194, 81, 109, 4),
(655, 27, 63, 'Kalimantan Selatan', 150, 10, 134, 6),
(656, 27, 94, 'Papua', 151, 32, 113, 6),
(657, 27, 16, 'Sumatera Selatan', 129, 18, 108, 3),
(658, 27, 12, 'Sumatera Utara', 111, 21, 78, 12),
(659, 27, 64, 'Kalimantan Timur', 107, 12, 94, 1),
(660, 27, 62, 'Kalimantan Tengah', 112, 10, 97, 5),
(661, 27, 13, 'Sumatera Barat', 121, 23, 84, 14),
(662, 27, 65, 'Kalimantan Utara', 90, 2, 87, 1),
(663, 27, 21, 'Kepulauan Riau', 86, 9, 69, 8),
(664, 27, 34, 'Daerah Istimewa Yogyakarta', 83, 37, 39, 7),
(665, 27, 61, 'Kalimantan Barat', 51, 7, 41, 3),
(666, 27, 74, 'Sulawesi Tenggara', 45, 6, 37, 2),
(667, 27, 18, 'Lampung', 42, 10, 27, 5),
(668, 27, 71, 'Sulawesi Utara', 40, 11, 26, 3),
(669, 27, 14, 'Riau', 39, 14, 21, 4),
(670, 27, 72, 'Sulawesi Tengah', 36, 3, 30, 3),
(671, 27, 76, 'Sulawesi Barat', 35, 1, 33, 1),
(672, 27, 15, 'Jambi', 32, 1, 31, 0),
(673, 27, 82, 'Maluku Utara', 26, 2, 24, 0),
(674, 27, 81, 'Maluku', 22, 11, 11, 0),
(675, 27, 91, 'Papua Barat', 16, 0, 15, 1),
(676, 27, 75, 'Gorontalo', 14, 0, 13, 1),
(677, 27, 19, 'Kepulauan Bangka Belitung', 10, 2, 7, 1),
(678, 27, 11, 'Aceh', 9, 4, 4, 1),
(679, 27, 17, 'Bengkulu', 8, 1, 6, 1),
(680, 27, 53, 'Nusa Tenggara Timur', 1, 1, 0, 0),
(681, 28, 31, 'DKI Jakarta', 4002, 363, 3269, 370),
(682, 28, 32, 'Jawa Barat', 969, 103, 787, 79),
(683, 28, 35, 'Jawa Timur', 857, 144, 623, 90),
(684, 28, 33, 'Jawa Tengah', 682, 89, 535, 58),
(685, 28, 73, 'Sulawesi Selatan', 453, 108, 308, 37),
(686, 28, 36, 'Banten', 388, 33, 314, 41),
(687, 28, 52, 'Nusa Tenggara Barat', 221, 24, 193, 4),
(688, 28, 51, 'Bali', 215, 88, 123, 4),
(689, 28, 94, 'Papua', 177, 47, 124, 6),
(690, 28, 63, 'Kalimantan Selatan', 150, 10, 134, 6),
(691, 28, 16, 'Sumatera Selatan', 143, 22, 118, 3),
(692, 28, 13, 'Sumatera Barat', 144, 24, 106, 14),
(693, 28, 62, 'Kalimantan Tengah', 121, 11, 104, 6),
(694, 28, 12, 'Sumatera Utara', 111, 35, 64, 12),
(695, 28, 64, 'Kalimantan Timur', 115, 12, 102, 1),
(696, 28, 65, 'Kalimantan Utara', 92, 2, 89, 1),
(697, 28, 21, 'Kepulauan Riau', 89, 11, 70, 8),
(698, 28, 34, 'Daerah Istimewa Yogyakarta', 93, 39, 47, 7),
(699, 28, 61, 'Kalimantan Barat', 51, 7, 41, 3),
(700, 28, 74, 'Sulawesi Tenggara', 45, 6, 37, 2),
(701, 28, 18, 'Lampung', 44, 10, 29, 5),
(702, 28, 71, 'Sulawesi Utara', 43, 11, 29, 3),
(703, 28, 14, 'Riau', 40, 15, 21, 4),
(704, 28, 72, 'Sulawesi Tengah', 42, 8, 31, 3),
(705, 28, 76, 'Sulawesi Barat', 37, 2, 34, 1),
(706, 28, 15, 'Jambi', 32, 1, 31, 0),
(707, 28, 82, 'Maluku Utara', 26, 2, 24, 0),
(708, 28, 81, 'Maluku', 22, 12, 10, 0),
(709, 28, 91, 'Papua Barat', 37, 0, 36, 1),
(710, 28, 75, 'Gorontalo', 15, 0, 14, 1),
(711, 28, 19, 'Kepulauan Bangka Belitung', 10, 2, 7, 1),
(712, 28, 11, 'Aceh', 9, 4, 4, 1),
(713, 28, 17, 'Bengkulu', 8, 1, 6, 1),
(714, 28, 53, 'Nusa Tenggara Timur', 1, 1, 0, 0),
(715, 29, 31, 'DKI Jakarta', 4092, 440, 3282, 370),
(716, 29, 32, 'Jawa Barat', 1009, 107, 823, 79),
(717, 29, 35, 'Jawa Timur', 872, 152, 625, 95),
(718, 29, 33, 'Jawa Tengah', 711, 101, 551, 59),
(719, 29, 73, 'Sulawesi Selatan', 465, 118, 310, 37),
(720, 29, 36, 'Banten', 388, 33, 314, 41),
(721, 29, 52, 'Nusa Tenggara Barat', 230, 24, 202, 4),
(722, 29, 51, 'Bali', 215, 96, 115, 4),
(723, 29, 94, 'Papua', 189, 47, 136, 6),
(724, 29, 63, 'Kalimantan Selatan', 157, 20, 128, 9),
(725, 29, 13, 'Sumatera Barat', 145, 24, 106, 15),
(726, 29, 16, 'Sumatera Selatan', 144, 22, 119, 3),
(727, 29, 62, 'Kalimantan Tengah', 127, 11, 110, 6),
(728, 29, 64, 'Kalimantan Timur', 119, 12, 106, 1),
(729, 29, 12, 'Sumatera Utara', 114, 40, 62, 12),
(730, 29, 34, 'Daerah Istimewa Yogyakarta', 94, 40, 47, 7),
(731, 29, 65, 'Kalimantan Utara', 92, 2, 89, 1),
(732, 29, 21, 'Kepulauan Riau', 89, 11, 69, 9),
(733, 29, 61, 'Kalimantan Barat', 58, 7, 48, 3),
(734, 29, 74, 'Sulawesi Tenggara', 53, 7, 44, 2),
(735, 29, 18, 'Lampung', 46, 11, 30, 5),
(736, 29, 71, 'Sulawesi Utara', 44, 14, 27, 3),
(737, 29, 72, 'Sulawesi Tengah', 47, 8, 36, 3),
(738, 29, 14, 'Riau', 41, 15, 22, 4),
(739, 29, 76, 'Sulawesi Barat', 38, 3, 34, 1),
(740, 29, 91, 'Papua Barat', 37, 0, 36, 1),
(741, 29, 15, 'Jambi', 32, 1, 31, 0),
(742, 29, 82, 'Maluku Utara', 26, 3, 23, 0),
(743, 29, 81, 'Maluku', 23, 12, 11, 0),
(744, 29, 75, 'Gorontalo', 15, 2, 12, 1),
(745, 29, 19, 'Kepulauan Bangka Belitung', 10, 2, 7, 1),
(746, 29, 11, 'Aceh', 9, 4, 4, 1),
(747, 29, 17, 'Bengkulu', 12, 1, 10, 1),
(748, 29, 53, 'Nusa Tenggara Timur', 1, 1, 0, 0),
(749, 30, 31, 'DKI Jakarta', 4175, 486, 3318, 371),
(750, 30, 32, 'Jawa Barat', 1012, 143, 786, 83),
(751, 30, 35, 'Jawa Timur', 958, 157, 705, 96),
(752, 30, 33, 'Jawa Tengah', 724, 102, 563, 59),
(753, 30, 73, 'Sulawesi Selatan', 491, 122, 332, 37),
(754, 30, 36, 'Banten', 404, 34, 329, 41),
(755, 30, 52, 'Nusa Tenggara Barat', 230, 31, 195, 4),
(756, 30, 51, 'Bali', 222, 113, 105, 4),
(757, 30, 94, 'Papua', 205, 47, 152, 6),
(758, 30, 63, 'Kalimantan Selatan', 170, 20, 141, 9),
(759, 30, 13, 'Sumatera Barat', 148, 25, 108, 15),
(760, 30, 16, 'Sumatera Selatan', 150, 23, 124, 3),
(761, 30, 62, 'Kalimantan Tengah', 145, 11, 128, 6),
(762, 30, 64, 'Kalimantan Timur', 134, 12, 121, 1),
(763, 30, 12, 'Sumatera Utara', 117, 41, 63, 13),
(764, 30, 34, 'Daerah Istimewa Yogyakarta', 95, 43, 45, 7),
(765, 30, 65, 'Kalimantan Utara', 100, 4, 95, 1),
(766, 30, 21, 'Kepulauan Riau', 89, 11, 69, 9),
(767, 30, 61, 'Kalimantan Barat', 58, 7, 48, 3),
(768, 30, 74, 'Sulawesi Tenggara', 62, 10, 50, 2),
(769, 30, 72, 'Sulawesi Tengah', 47, 8, 36, 3),
(770, 30, 18, 'Lampung', 46, 13, 28, 5),
(771, 30, 71, 'Sulawesi Utara', 45, 14, 27, 4),
(772, 30, 14, 'Riau', 41, 16, 21, 4),
(773, 30, 76, 'Sulawesi Barat', 42, 3, 38, 1),
(774, 30, 91, 'Papua Barat', 37, 0, 36, 1),
(775, 30, 15, 'Jambi', 32, 1, 31, 0),
(776, 30, 82, 'Maluku Utara', 40, 3, 37, 0),
(777, 30, 81, 'Maluku', 23, 12, 11, 0),
(778, 30, 75, 'Gorontalo', 15, 2, 12, 1),
(779, 30, 17, 'Bengkulu', 12, 1, 10, 1),
(780, 30, 19, 'Kepulauan Bangka Belitung', 10, 2, 7, 1),
(781, 30, 11, 'Aceh', 10, 4, 5, 1),
(782, 30, 53, 'Nusa Tenggara Timur', 3, 1, 2, 0),
(783, 31, 31, 'DKI Jakarta', 4317, 488, 3454, 375),
(784, 31, 32, 'Jawa Barat', 1012, 145, 784, 83),
(785, 31, 35, 'Jawa Timur', 1034, 162, 773, 99),
(786, 31, 33, 'Jawa Tengah', 746, 112, 574, 60),
(787, 31, 73, 'Sulawesi Selatan', 547, 135, 375, 37),
(788, 31, 36, 'Banten', 418, 34, 343, 41),
(789, 31, 52, 'Nusa Tenggara Barat', 233, 31, 198, 4),
(790, 31, 51, 'Bali', 235, 121, 110, 4),
(791, 31, 94, 'Papua', 210, 48, 156, 6),
(792, 31, 63, 'Kalimantan Selatan', 179, 23, 147, 9),
(793, 31, 16, 'Sumatera Selatan', 156, 29, 124, 3),
(794, 31, 13, 'Sumatera Barat', 172, 30, 127, 15),
(795, 31, 62, 'Kalimantan Tengah', 156, 11, 139, 6),
(796, 31, 64, 'Kalimantan Timur', 136, 13, 122, 1),
(797, 31, 12, 'Sumatera Utara', 117, 41, 63, 13),
(798, 31, 65, 'Kalimantan Utara', 115, 5, 109, 1),
(799, 31, 34, 'Daerah Istimewa Yogyakarta', 104, 44, 53, 7),
(800, 31, 21, 'Kepulauan Riau', 89, 15, 65, 9),
(801, 31, 74, 'Sulawesi Tenggara', 62, 11, 49, 2),
(802, 31, 61, 'Kalimantan Barat', 61, 8, 50, 3),
(803, 31, 72, 'Sulawesi Tengah', 48, 11, 34, 3),
(804, 31, 18, 'Lampung', 50, 13, 32, 5),
(805, 31, 71, 'Sulawesi Utara', 45, 14, 27, 4),
(806, 31, 76, 'Sulawesi Barat', 43, 3, 39, 1),
(807, 31, 14, 'Riau', 42, 16, 22, 4),
(808, 31, 82, 'Maluku Utara', 41, 3, 38, 0),
(809, 31, 91, 'Papua Barat', 42, 0, 41, 1),
(810, 31, 15, 'Jambi', 32, 1, 31, 0),
(811, 31, 81, 'Maluku', 23, 12, 11, 0),
(812, 31, 75, 'Gorontalo', 15, 2, 12, 1),
(813, 31, 17, 'Bengkulu', 12, 1, 10, 1),
(814, 31, 11, 'Aceh', 11, 4, 6, 1),
(815, 31, 19, 'Kepulauan Bangka Belitung', 10, 2, 7, 1),
(816, 31, 53, 'Nusa Tenggara Timur', 3, 1, 2, 0),
(817, 32, 31, 'DKI Jakarta', 4397, 513, 3492, 392),
(818, 32, 35, 'Jawa Timur', 1037, 165, 766, 106),
(819, 32, 32, 'Jawa Barat', 1043, 147, 812, 84),
(820, 32, 33, 'Jawa Tengah', 767, 112, 593, 62),
(821, 32, 73, 'Sulawesi Selatan', 577, 145, 392, 40),
(822, 32, 36, 'Banten', 427, 34, 352, 41),
(823, 32, 51, 'Bali', 237, 129, 104, 4),
(824, 32, 52, 'Nusa Tenggara Barat', 250, 32, 214, 4),
(825, 32, 94, 'Papua', 240, 48, 186, 6),
(826, 32, 63, 'Kalimantan Selatan', 179, 24, 146, 9),
(827, 32, 13, 'Sumatera Barat', 182, 30, 137, 15),
(828, 32, 16, 'Sumatera Selatan', 156, 29, 124, 3),
(829, 32, 62, 'Kalimantan Tengah', 157, 11, 140, 6),
(830, 32, 64, 'Kalimantan Timur', 154, 13, 140, 1),
(831, 32, 12, 'Sumatera Utara', 117, 41, 63, 13),
(832, 32, 65, 'Kalimantan Utara', 122, 5, 116, 1),
(833, 32, 34, 'Daerah Istimewa Yogyakarta', 114, 48, 59, 7),
(834, 32, 21, 'Kepulauan Riau', 89, 22, 58, 9),
(835, 32, 74, 'Sulawesi Tenggara', 64, 11, 51, 2),
(836, 32, 61, 'Kalimantan Barat', 68, 8, 57, 3),
(837, 32, 18, 'Lampung', 50, 13, 32, 5),
(838, 32, 72, 'Sulawesi Tengah', 59, 11, 45, 3),
(839, 32, 71, 'Sulawesi Utara', 45, 17, 24, 4),
(840, 32, 76, 'Sulawesi Barat', 44, 4, 39, 1),
(841, 32, 14, 'Riau', 45, 23, 17, 5),
(842, 32, 91, 'Papua Barat', 43, 0, 42, 1),
(843, 32, 82, 'Maluku Utara', 41, 3, 38, 0),
(844, 32, 15, 'Jambi', 32, 1, 31, 0),
(845, 32, 81, 'Maluku', 23, 12, 11, 0),
(846, 32, 75, 'Gorontalo', 15, 2, 12, 1),
(847, 32, 17, 'Bengkulu', 12, 1, 10, 1),
(848, 32, 11, 'Aceh', 11, 4, 6, 1),
(849, 32, 19, 'Kepulauan Bangka Belitung', 19, 4, 14, 1),
(850, 32, 53, 'Nusa Tenggara Timur', 3, 1, 2, 0),
(851, 33, 31, 'DKI Jakarta', 4463, 632, 3433, 398),
(852, 33, 32, 'Jawa Barat', 1054, 152, 817, 85),
(853, 33, 35, 'Jawa Timur', 1117, 174, 832, 111),
(854, 33, 33, 'Jawa Tengah', 776, 112, 602, 62),
(855, 33, 73, 'Sulawesi Selatan', 601, 151, 410, 40),
(856, 33, 36, 'Banten', 432, 34, 357, 41),
(857, 33, 52, 'Nusa Tenggara Barat', 269, 36, 229, 4),
(858, 33, 94, 'Papua', 240, 48, 186, 6),
(859, 33, 51, 'Bali', 262, 151, 107, 4),
(860, 33, 13, 'Sumatera Barat', 195, 35, 145, 15),
(861, 33, 63, 'Kalimantan Selatan', 195, 24, 162, 9),
(862, 33, 62, 'Kalimantan Tengah', 157, 15, 135, 7),
(863, 33, 16, 'Sumatera Selatan', 185, 36, 145, 4),
(864, 33, 64, 'Kalimantan Timur', 162, 13, 148, 1),
(865, 33, 65, 'Kalimantan Utara', 122, 5, 116, 1),
(866, 33, 12, 'Sumatera Utara', 123, 41, 69, 13),
(867, 33, 34, 'Daerah Istimewa Yogyakarta', 115, 49, 59, 7),
(868, 33, 21, 'Kepulauan Riau', 92, 42, 41, 9),
(869, 33, 61, 'Kalimantan Barat', 70, 8, 59, 3),
(870, 33, 74, 'Sulawesi Tenggara', 64, 11, 51, 2),
(871, 33, 72, 'Sulawesi Tengah', 59, 11, 45, 3),
(872, 33, 18, 'Lampung', 50, 17, 28, 5),
(873, 33, 14, 'Riau', 53, 26, 22, 5),
(874, 33, 71, 'Sulawesi Utara', 45, 17, 24, 4),
(875, 33, 76, 'Sulawesi Barat', 44, 4, 39, 1),
(876, 33, 91, 'Papua Barat', 43, 0, 42, 1),
(877, 33, 82, 'Maluku Utara', 50, 5, 45, 0),
(878, 33, 15, 'Jambi', 38, 1, 37, 0),
(879, 33, 81, 'Maluku', 23, 12, 11, 0),
(880, 33, 19, 'Kepulauan Bangka Belitung', 19, 4, 14, 1),
(881, 33, 75, 'Gorontalo', 15, 2, 12, 1),
(882, 33, 17, 'Bengkulu', 12, 1, 10, 1),
(883, 33, 11, 'Aceh', 12, 6, 5, 1),
(884, 33, 53, 'Nusa Tenggara Timur', 10, 1, 9, 0),
(885, 34, 31, 'DKI Jakarta', 4539, 632, 3499, 408),
(886, 34, 35, 'Jawa Timur', 1124, 178, 829, 117),
(887, 34, 32, 'Jawa Barat', 1252, 159, 1007, 86),
(888, 34, 33, 'Jawa Tengah', 798, 112, 624, 62),
(889, 34, 73, 'Sulawesi Selatan', 607, 199, 368, 40),
(890, 34, 36, 'Banten', 446, 34, 371, 41),
(891, 34, 52, 'Nusa Tenggara Barat', 269, 36, 229, 4),
(892, 34, 51, 'Bali', 271, 159, 108, 4),
(893, 34, 94, 'Papua', 240, 48, 186, 6),
(894, 34, 13, 'Sumatera Barat', 203, 37, 151, 15),
(895, 34, 63, 'Kalimantan Selatan', 198, 24, 165, 9),
(896, 34, 16, 'Sumatera Selatan', 185, 43, 137, 5),
(897, 34, 64, 'Kalimantan Timur', 167, 13, 153, 1),
(898, 34, 62, 'Kalimantan Tengah', 180, 15, 158, 7),
(899, 34, 12, 'Sumatera Utara', 129, 41, 75, 13),
(900, 34, 65, 'Kalimantan Utara', 130, 5, 124, 1),
(901, 34, 34, 'Daerah Istimewa Yogyakarta', 115, 50, 58, 7),
(902, 34, 21, 'Kepulauan Riau', 92, 42, 41, 9),
(903, 34, 61, 'Kalimantan Barat', 73, 8, 62, 3),
(904, 34, 74, 'Sulawesi Tenggara', 64, 11, 51, 2),
(905, 34, 72, 'Sulawesi Tengah', 59, 11, 45, 3),
(906, 34, 14, 'Riau', 58, 26, 26, 6),
(907, 34, 18, 'Lampung', 54, 17, 32, 5),
(908, 34, 82, 'Maluku Utara', 50, 5, 45, 0),
(909, 34, 71, 'Sulawesi Utara', 45, 17, 24, 4),
(910, 34, 76, 'Sulawesi Barat', 44, 4, 39, 1),
(911, 34, 91, 'Papua Barat', 43, 0, 42, 1),
(912, 34, 15, 'Jambi', 38, 1, 37, 0),
(913, 34, 81, 'Maluku', 23, 12, 11, 0),
(914, 34, 19, 'Kepulauan Bangka Belitung', 19, 4, 14, 1),
(915, 34, 75, 'Gorontalo', 15, 2, 12, 1),
(916, 34, 11, 'Aceh', 12, 7, 4, 1),
(917, 34, 17, 'Bengkulu', 12, 1, 10, 1),
(918, 34, 53, 'Nusa Tenggara Timur', 10, 1, 9, 0),
(919, 35, 31, 'DKI Jakarta', 4687, 704, 3574, 409),
(920, 35, 32, 'Jawa Barat', 1300, 167, 1046, 87),
(921, 35, 35, 'Jawa Timur', 1171, 180, 874, 117),
(922, 35, 33, 'Jawa Tengah', 849, 132, 655, 62),
(923, 35, 73, 'Sulawesi Selatan', 640, 228, 370, 42),
(924, 35, 36, 'Banten', 458, 117, 300, 41),
(925, 35, 51, 'Bali', 277, 160, 113, 4),
(926, 35, 52, 'Nusa Tenggara Barat', 285, 46, 235, 4),
(927, 35, 94, 'Papua', 247, 48, 193, 6),
(928, 35, 13, 'Sumatera Barat', 221, 38, 167, 16),
(929, 35, 63, 'Kalimantan Selatan', 212, 24, 179, 9),
(930, 35, 16, 'Sumatera Selatan', 199, 47, 147, 5),
(931, 35, 62, 'Kalimantan Tengah', 181, 15, 159, 7),
(932, 35, 64, 'Kalimantan Timur', 168, 13, 153, 2),
(933, 35, 65, 'Kalimantan Utara', 131, 6, 124, 1),
(934, 35, 12, 'Sumatera Utara', 130, 41, 76, 13),
(935, 35, 34, 'Daerah Istimewa Yogyakarta', 121, 52, 62, 7),
(936, 35, 21, 'Kepulauan Riau', 97, 46, 41, 10),
(937, 35, 61, 'Kalimantan Barat', 73, 8, 62, 3),
(938, 35, 74, 'Sulawesi Tenggara', 69, 15, 52, 2),
(939, 35, 72, 'Sulawesi Tengah', 70, 12, 55, 3),
(940, 35, 14, 'Riau', 61, 27, 28, 6),
(941, 35, 18, 'Lampung', 55, 17, 33, 5),
(942, 35, 82, 'Maluku Utara', 50, 5, 45, 0),
(943, 35, 71, 'Sulawesi Utara', 45, 17, 24, 4),
(944, 35, 76, 'Sulawesi Barat', 58, 4, 52, 2),
(945, 35, 91, 'Papua Barat', 49, 0, 48, 1),
(946, 35, 15, 'Jambi', 43, 1, 42, 0),
(947, 35, 81, 'Maluku', 23, 12, 11, 0),
(948, 35, 19, 'Kepulauan Bangka Belitung', 19, 4, 14, 1),
(949, 35, 75, 'Gorontalo', 15, 2, 12, 1),
(950, 35, 11, 'Aceh', 12, 7, 4, 1),
(951, 35, 17, 'Bengkulu', 12, 1, 10, 1),
(952, 35, 53, 'Nusa Tenggara Timur', 12, 1, 11, 0),
(953, 36, 31, 'DKI Jakarta', 4770, 741, 3615, 414),
(954, 36, 32, 'Jawa Barat', 1320, 177, 1053, 90),
(955, 36, 35, 'Jawa Timur', 1221, 199, 899, 123),
(956, 36, 33, 'Jawa Tengah', 891, 145, 682, 64),
(957, 36, 73, 'Sulawesi Selatan', 665, 235, 385, 45),
(958, 36, 36, 'Banten', 487, 122, 324, 41),
(959, 36, 52, 'Nusa Tenggara Barat', 289, 53, 231, 5),
(960, 36, 51, 'Bali', 277, 166, 107, 4),
(961, 36, 94, 'Papua', 248, 48, 194, 6),
(962, 36, 13, 'Sumatera Barat', 238, 38, 184, 16),
(963, 36, 63, 'Kalimantan Selatan', 225, 24, 192, 9),
(964, 36, 16, 'Sumatera Selatan', 210, 47, 158, 5),
(965, 36, 62, 'Kalimantan Tengah', 186, 15, 164, 7),
(966, 36, 64, 'Kalimantan Timur', 182, 13, 167, 2),
(967, 36, 65, 'Kalimantan Utara', 131, 6, 124, 1),
(968, 36, 12, 'Sumatera Utara', 141, 43, 82, 16),
(969, 36, 34, 'Daerah Istimewa Yogyakarta', 122, 53, 62, 7),
(970, 36, 21, 'Kepulauan Riau', 98, 57, 31, 10),
(971, 36, 61, 'Kalimantan Barat', 90, 8, 79, 3),
(972, 36, 72, 'Sulawesi Tengah', 70, 12, 55, 3),
(973, 36, 74, 'Sulawesi Tenggara', 69, 15, 52, 2),
(974, 36, 14, 'Riau', 61, 28, 27, 6),
(975, 36, 76, 'Sulawesi Barat', 58, 4, 52, 2),
(976, 36, 18, 'Lampung', 63, 18, 40, 5),
(977, 36, 82, 'Maluku Utara', 50, 5, 45, 0),
(978, 36, 91, 'Papua Barat', 53, 0, 52, 1),
(979, 36, 71, 'Sulawesi Utara', 45, 17, 24, 4),
(980, 36, 15, 'Jambi', 47, 1, 46, 0),
(981, 36, 81, 'Maluku', 23, 12, 11, 0),
(982, 36, 19, 'Kepulauan Bangka Belitung', 19, 4, 14, 1),
(983, 36, 75, 'Gorontalo', 15, 2, 12, 1),
(984, 36, 11, 'Aceh', 17, 7, 9, 1),
(985, 36, 17, 'Bengkulu', 14, 1, 12, 1),
(986, 36, 53, 'Nusa Tenggara Timur', 12, 1, 11, 0),
(987, 37, 31, 'DKI Jakarta', 4855, 745, 3687, 423),
(988, 37, 32, 'Jawa Barat', 1381, 182, 1109, 90),
(989, 37, 35, 'Jawa Timur', 1267, 206, 928, 133),
(990, 37, 33, 'Jawa Tengah', 904, 145, 695, 64),
(991, 37, 73, 'Sulawesi Selatan', 684, 238, 401, 45),
(992, 37, 36, 'Banten', 495, 122, 317, 56),
(993, 37, 52, 'Nusa Tenggara Barat', 300, 57, 238, 5),
(994, 37, 51, 'Bali', 287, 183, 100, 4),
(995, 37, 94, 'Papua', 252, 48, 198, 6),
(996, 37, 13, 'Sumatera Barat', 252, 41, 195, 16),
(997, 37, 63, 'Kalimantan Selatan', 238, 24, 205, 9),
(998, 37, 16, 'Sumatera Selatan', 227, 47, 174, 6),
(999, 37, 62, 'Kalimantan Tengah', 188, 15, 166, 7),
(1000, 37, 64, 'Kalimantan Timur', 182, 13, 167, 2),
(1001, 37, 12, 'Sumatera Utara', 142, 48, 78, 16),
(1002, 37, 65, 'Kalimantan Utara', 131, 6, 124, 1),
(1003, 37, 34, 'Daerah Istimewa Yogyakarta', 137, 57, 73, 7),
(1004, 37, 21, 'Kepulauan Riau', 98, 63, 25, 10),
(1005, 37, 61, 'Kalimantan Barat', 95, 11, 81, 3),
(1006, 37, 72, 'Sulawesi Tengah', 75, 12, 60, 3),
(1007, 37, 74, 'Sulawesi Tenggara', 69, 15, 52, 2),
(1008, 37, 18, 'Lampung', 63, 18, 40, 5),
(1009, 37, 14, 'Riau', 66, 28, 32, 6),
(1010, 37, 76, 'Sulawesi Barat', 58, 5, 51, 2),
(1011, 37, 91, 'Papua Barat', 53, 0, 52, 1),
(1012, 37, 82, 'Maluku Utara', 50, 5, 45, 0),
(1013, 37, 15, 'Jambi', 47, 1, 46, 0),
(1014, 37, 71, 'Sulawesi Utara', 45, 17, 24, 4),
(1015, 37, 81, 'Maluku', 23, 12, 11, 0),
(1016, 37, 19, 'Kepulauan Bangka Belitung', 28, 4, 23, 1),
(1017, 37, 11, 'Aceh', 17, 7, 9, 1),
(1018, 37, 75, 'Gorontalo', 19, 4, 14, 1),
(1019, 37, 17, 'Bengkulu', 14, 1, 12, 1),
(1020, 37, 53, 'Nusa Tenggara Timur', 12, 1, 11, 0),
(1021, 38, 31, 'DKI Jakarta', 4955, 745, 3786, 424),
(1022, 38, 32, 'Jawa Barat', 1404, 184, 1128, 92),
(1023, 38, 35, 'Jawa Timur', 1284, 215, 931, 138),
(1024, 38, 33, 'Jawa Tengah', 933, 161, 707, 65),
(1025, 38, 73, 'Sulawesi Selatan', 708, 251, 411, 46),
(1026, 38, 36, 'Banten', 505, 122, 327, 56),
(1027, 38, 52, 'Nusa Tenggara Barat', 312, 80, 227, 5),
(1028, 38, 51, 'Bali', 300, 195, 101, 4),
(1029, 38, 13, 'Sumatera Barat', 270, 46, 207, 17),
(1030, 38, 94, 'Papua', 265, 48, 211, 6),
(1031, 38, 63, 'Kalimantan Selatan', 246, 24, 213, 9),
(1032, 38, 16, 'Sumatera Selatan', 227, 49, 172, 6),
(1033, 38, 62, 'Kalimantan Tengah', 188, 29, 152, 7),
(1034, 38, 64, 'Kalimantan Timur', 209, 13, 194, 2),
(1035, 38, 12, 'Sumatera Utara', 157, 48, 93, 16),
(1036, 38, 34, 'Daerah Istimewa Yogyakarta', 143, 59, 77, 7),
(1037, 38, 65, 'Kalimantan Utara', 131, 6, 124, 1),
(1038, 38, 21, 'Kepulauan Riau', 100, 67, 23, 10),
(1039, 38, 61, 'Kalimantan Barat', 95, 12, 80, 3),
(1040, 38, 72, 'Sulawesi Tengah', 75, 12, 60, 3),
(1041, 38, 74, 'Sulawesi Tenggara', 70, 15, 53, 2),
(1042, 38, 14, 'Riau', 69, 28, 35, 6),
(1043, 38, 18, 'Lampung', 66, 18, 43, 5),
(1044, 38, 76, 'Sulawesi Barat', 60, 5, 53, 2),
(1045, 38, 91, 'Papua Barat', 53, 0, 52, 1),
(1046, 38, 82, 'Maluku Utara', 50, 5, 45, 0),
(1047, 38, 15, 'Jambi', 47, 1, 46, 0),
(1048, 38, 71, 'Sulawesi Utara', 47, 17, 26, 4),
(1049, 38, 19, 'Kepulauan Bangka Belitung', 28, 4, 23, 1),
(1050, 38, 81, 'Maluku', 32, 12, 18, 2),
(1051, 38, 75, 'Gorontalo', 19, 8, 10, 1),
(1052, 38, 11, 'Aceh', 17, 11, 5, 1),
(1053, 38, 17, 'Bengkulu', 14, 1, 12, 1),
(1054, 38, 53, 'Nusa Tenggara Timur', 12, 1, 11, 0),
(1055, 39, 31, 'DKI Jakarta', 5056, 752, 3877, 427),
(1056, 39, 32, 'Jawa Barat', 1437, 202, 1140, 95),
(1057, 39, 35, 'Jawa Timur', 1419, 227, 1051, 141),
(1058, 39, 33, 'Jawa Tengah', 959, 173, 720, 66),
(1059, 39, 73, 'Sulawesi Selatan', 710, 260, 404, 46),
(1060, 39, 36, 'Banten', 523, 122, 345, 56),
(1061, 39, 52, 'Nusa Tenggara Barat', 330, 87, 237, 6),
(1062, 39, 51, 'Bali', 306, 197, 105, 4),
(1063, 39, 13, 'Sumatera Barat', 286, 54, 215, 17),
(1064, 39, 94, 'Papua', 277, 48, 223, 6),
(1065, 39, 63, 'Kalimantan Selatan', 253, 24, 220, 9),
(1066, 39, 16, 'Sumatera Selatan', 278, 49, 223, 6),
(1067, 39, 64, 'Kalimantan Timur', 214, 31, 181, 2),
(1068, 39, 62, 'Kalimantan Tengah', 189, 30, 152, 7),
(1069, 39, 12, 'Sumatera Utara', 179, 48, 110, 21),
(1070, 39, 34, 'Daerah Istimewa Yogyakarta', 146, 59, 80, 7),
(1071, 39, 65, 'Kalimantan Utara', 131, 6, 124, 1),
(1072, 39, 21, 'Kepulauan Riau', 101, 67, 24, 10),
(1073, 39, 61, 'Kalimantan Barat', 118, 12, 103, 3),
(1074, 39, 72, 'Sulawesi Tengah', 75, 12, 60, 3),
(1075, 39, 74, 'Sulawesi Tenggara', 71, 15, 54, 2),
(1076, 39, 14, 'Riau', 71, 38, 27, 6),
(1077, 39, 18, 'Lampung', 66, 21, 40, 5),
(1078, 39, 76, 'Sulawesi Barat', 62, 5, 55, 2),
(1079, 39, 91, 'Papua Barat', 53, 0, 52, 1),
(1080, 39, 82, 'Maluku Utara', 54, 8, 46, 0),
(1081, 39, 15, 'Jambi', 62, 1, 61, 0),
(1082, 39, 71, 'Sulawesi Utara', 53, 17, 32, 4),
(1083, 39, 81, 'Maluku', 32, 12, 18, 2),
(1084, 39, 19, 'Kepulauan Bangka Belitung', 28, 6, 21, 1),
(1085, 39, 75, 'Gorontalo', 19, 11, 7, 1),
(1086, 39, 11, 'Aceh', 17, 11, 5, 1),
(1087, 39, 17, 'Bengkulu', 37, 1, 35, 1),
(1088, 39, 53, 'Nusa Tenggara Timur', 12, 1, 11, 0),
(1089, 40, 31, 'DKI Jakarta', 5190, 803, 3953, 434),
(1090, 40, 32, 'Jawa Barat', 1437, 202, 1140, 95),
(1091, 40, 35, 'Jawa Timur', 1502, 230, 1129, 143),
(1092, 40, 33, 'Jawa Tengah', 978, 173, 739, 66),
(1093, 40, 73, 'Sulawesi Selatan', 722, 265, 410, 47),
(1094, 40, 36, 'Banten', 533, 122, 355, 56),
(1095, 40, 52, 'Nusa Tenggara Barat', 330, 92, 232, 6),
(1096, 40, 51, 'Bali', 311, 204, 103, 4),
(1097, 40, 13, 'Sumatera Barat', 299, 56, 226, 17),
(1098, 40, 16, 'Sumatera Selatan', 278, 55, 214, 9),
(1099, 40, 94, 'Papua', 308, 48, 254, 6),
(1100, 40, 63, 'Kalimantan Selatan', 263, 24, 230, 9),
(1101, 40, 64, 'Kalimantan Timur', 214, 31, 181, 2),
(1102, 40, 62, 'Kalimantan Tengah', 189, 30, 152, 7),
(1103, 40, 12, 'Sumatera Utara', 179, 48, 110, 21),
(1104, 40, 34, 'Daerah Istimewa Yogyakarta', 153, 60, 86, 7),
(1105, 40, 65, 'Kalimantan Utara', 131, 7, 123, 1),
(1106, 40, 61, 'Kalimantan Barat', 120, 12, 105, 3),
(1107, 40, 21, 'Kepulauan Riau', 101, 68, 22, 11),
(1108, 40, 72, 'Sulawesi Tengah', 83, 12, 68, 3),
(1109, 40, 14, 'Riau', 73, 39, 28, 6),
(1110, 40, 74, 'Sulawesi Tenggara', 76, 16, 58, 2),
(1111, 40, 18, 'Lampung', 66, 21, 40, 5),
(1112, 40, 15, 'Jambi', 64, 3, 61, 0),
(1113, 40, 76, 'Sulawesi Barat', 62, 5, 55, 2),
(1114, 40, 82, 'Maluku Utara', 54, 8, 46, 0),
(1115, 40, 71, 'Sulawesi Utara', 71, 17, 50, 4),
(1116, 40, 91, 'Papua Barat', 70, 2, 67, 1),
(1117, 40, 17, 'Bengkulu', 37, 1, 35, 1),
(1118, 40, 81, 'Maluku', 32, 12, 18, 2),
(1119, 40, 19, 'Kepulauan Bangka Belitung', 29, 6, 22, 1),
(1120, 40, 75, 'Gorontalo', 19, 11, 7, 1),
(1121, 40, 11, 'Aceh', 17, 11, 5, 1),
(1122, 40, 53, 'Nusa Tenggara Timur', 12, 1, 11, 0),
(1123, 41, 31, 'DKI Jakarta', 5276, 812, 4023, 441),
(1124, 41, 35, 'Jawa Timur', 1536, 244, 1143, 149),
(1125, 41, 32, 'Jawa Barat', 1493, 213, 1185, 95),
(1126, 41, 33, 'Jawa Tengah', 980, 229, 685, 66),
(1127, 41, 73, 'Sulawesi Selatan', 722, 276, 397, 49),
(1128, 41, 36, 'Banten', 541, 146, 339, 56),
(1129, 41, 52, 'Nusa Tenggara Barat', 331, 105, 220, 6),
(1130, 41, 51, 'Bali', 314, 210, 100, 4),
(1131, 41, 94, 'Papua', 308, 48, 254, 6),
(1132, 41, 13, 'Sumatera Barat', 299, 67, 215, 17),
(1133, 41, 16, 'Sumatera Selatan', 278, 64, 205, 9),
(1134, 41, 63, 'Kalimantan Selatan', 263, 24, 230, 9),
(1135, 41, 64, 'Kalimantan Timur', 225, 37, 186, 2),
(1136, 41, 62, 'Kalimantan Tengah', 200, 30, 163, 7),
(1137, 41, 12, 'Sumatera Utara', 196, 48, 124, 24),
(1138, 41, 34, 'Daerah Istimewa Yogyakarta', 159, 61, 91, 7),
(1139, 41, 65, 'Kalimantan Utara', 132, 7, 124, 1),
(1140, 41, 61, 'Kalimantan Barat', 120, 12, 105, 3),
(1141, 41, 21, 'Kepulauan Riau', 104, 72, 21, 11),
(1142, 41, 72, 'Sulawesi Tengah', 83, 13, 67, 3),
(1143, 41, 74, 'Sulawesi Tenggara', 76, 16, 58, 2),
(1144, 41, 14, 'Riau', 74, 46, 22, 6),
(1145, 41, 71, 'Sulawesi Utara', 71, 17, 50, 4),
(1146, 41, 91, 'Papua Barat', 70, 2, 67, 1),
(1147, 41, 18, 'Lampung', 66, 22, 39, 5),
(1148, 41, 15, 'Jambi', 65, 3, 62, 0),
(1149, 41, 76, 'Sulawesi Barat', 62, 5, 55, 2),
(1150, 41, 82, 'Maluku Utara', 54, 8, 46, 0),
(1151, 41, 17, 'Bengkulu', 37, 1, 35, 1),
(1152, 41, 81, 'Maluku', 32, 12, 18, 2),
(1153, 41, 19, 'Kepulauan Bangka Belitung', 29, 7, 21, 1),
(1154, 41, 75, 'Gorontalo', 19, 12, 6, 1),
(1155, 41, 11, 'Aceh', 17, 11, 5, 1),
(1156, 41, 53, 'Nusa Tenggara Timur', 12, 1, 11, 0),
(1157, 42, 31, 'DKI Jakarta', 5375, 924, 4008, 443),
(1158, 42, 35, 'Jawa Timur', 1669, 258, 1256, 155),
(1159, 42, 32, 'Jawa Barat', 1545, 213, 1234, 98),
(1160, 42, 33, 'Jawa Tengah', 989, 229, 694, 66),
(1161, 42, 73, 'Sulawesi Selatan', 747, 283, 415, 49),
(1162, 42, 36, 'Banten', 559, 153, 350, 56),
(1163, 42, 52, 'Nusa Tenggara Barat', 339, 105, 228, 6),
(1164, 42, 51, 'Bali', 328, 215, 109, 4),
(1165, 42, 94, 'Papua', 322, 48, 268, 6),
(1166, 42, 13, 'Sumatera Barat', 319, 70, 231, 18),
(1167, 42, 16, 'Sumatera Selatan', 279, 64, 206, 9),
(1168, 42, 63, 'Kalimantan Selatan', 277, 24, 244, 9),
(1169, 42, 64, 'Kalimantan Timur', 228, 41, 184, 3),
(1170, 42, 62, 'Kalimantan Tengah', 204, 30, 167, 7),
(1171, 42, 12, 'Sumatera Utara', 198, 48, 126, 24),
(1172, 42, 34, 'Daerah Istimewa Yogyakarta', 169, 63, 99, 7),
(1173, 42, 65, 'Kalimantan Utara', 132, 7, 124, 1),
(1174, 42, 61, 'Kalimantan Barat', 123, 20, 100, 3),
(1175, 42, 21, 'Kepulauan Riau', 106, 72, 23, 11),
(1176, 42, 72, 'Sulawesi Tengah', 95, 13, 79, 3),
(1177, 42, 74, 'Sulawesi Tenggara', 76, 16, 58, 2),
(1178, 42, 14, 'Riau', 81, 49, 26, 6),
(1179, 42, 71, 'Sulawesi Utara', 74, 26, 43, 5),
(1180, 42, 91, 'Papua Barat', 70, 2, 67, 1),
(1181, 42, 18, 'Lampung', 66, 22, 39, 5),
(1182, 42, 15, 'Jambi', 65, 3, 62, 0),
(1183, 42, 76, 'Sulawesi Barat', 68, 7, 59, 2),
(1184, 42, 82, 'Maluku Utara', 54, 8, 46, 0),
(1185, 42, 17, 'Bengkulu', 40, 1, 38, 1),
(1186, 42, 81, 'Maluku', 50, 17, 29, 4),
(1187, 42, 19, 'Kepulauan Bangka Belitung', 29, 7, 21, 1),
(1188, 42, 75, 'Gorontalo', 19, 12, 6, 1),
(1189, 42, 11, 'Aceh', 17, 12, 4, 1),
(1190, 42, 53, 'Nusa Tenggara Timur', 16, 1, 15, 0),
(1191, 43, 31, 'DKI Jakarta', 5554, 1026, 4079, 449),
(1192, 43, 35, 'Jawa Timur', 1772, 274, 1335, 163),
(1193, 43, 32, 'Jawa Barat', 1556, 237, 1221, 98),
(1194, 43, 33, 'Jawa Tengah', 1023, 229, 728, 66),
(1195, 43, 73, 'Sulawesi Selatan', 803, 288, 466, 49),
(1196, 43, 36, 'Banten', 580, 157, 366, 57),
(1197, 43, 52, 'Nusa Tenggara Barat', 344, 114, 223, 7),
(1198, 43, 51, 'Bali', 332, 220, 108, 4),
(1199, 43, 94, 'Papua', 328, 48, 274, 6),
(1200, 43, 13, 'Sumatera Barat', 339, 83, 237, 19),
(1201, 43, 16, 'Sumatera Selatan', 322, 73, 240, 9),
(1202, 43, 63, 'Kalimantan Selatan', 291, 24, 258, 9),
(1203, 43, 64, 'Kalimantan Timur', 230, 46, 181, 3);
INSERT INTO `detail_pengambilan_provinsi` (`id`, `id_pengambilan_provinsi`, `kode_provinsi`, `nama_provinsi`, `positif`, `sembuh`, `dalam_perawatan`, `meninggal`) VALUES
(1204, 43, 62, 'Kalimantan Tengah', 220, 30, 183, 7),
(1205, 43, 12, 'Sumatera Utara', 200, 53, 123, 24),
(1206, 43, 34, 'Daerah Istimewa Yogyakarta', 181, 68, 106, 7),
(1207, 43, 65, 'Kalimantan Utara', 138, 14, 123, 1),
(1208, 43, 61, 'Kalimantan Barat', 129, 22, 104, 3),
(1209, 43, 21, 'Kepulauan Riau', 111, 77, 23, 11),
(1210, 43, 72, 'Sulawesi Tengah', 101, 20, 78, 3),
(1211, 43, 14, 'Riau', 88, 49, 33, 6),
(1212, 43, 74, 'Sulawesi Tenggara', 167, 17, 147, 3),
(1213, 43, 71, 'Sulawesi Utara', 82, 26, 51, 5),
(1214, 43, 91, 'Papua Barat', 70, 2, 67, 1),
(1215, 43, 76, 'Sulawesi Barat', 73, 7, 64, 2),
(1216, 43, 18, 'Lampung', 66, 22, 39, 5),
(1217, 43, 15, 'Jambi', 65, 3, 62, 0),
(1218, 43, 82, 'Maluku Utara', 78, 8, 67, 3),
(1219, 43, 81, 'Maluku', 50, 17, 29, 4),
(1220, 43, 17, 'Bengkulu', 40, 1, 38, 1),
(1221, 43, 19, 'Kepulauan Bangka Belitung', 29, 7, 21, 1),
(1222, 43, 75, 'Gorontalo', 19, 12, 6, 1),
(1223, 43, 11, 'Aceh', 17, 12, 4, 1),
(1224, 43, 53, 'Nusa Tenggara Timur', 19, 1, 18, 0),
(1225, 44, 31, 'DKI Jakarta', 5688, 1162, 4074, 452),
(1226, 44, 35, 'Jawa Timur', 1863, 278, 1418, 167),
(1227, 44, 32, 'Jawa Barat', 1565, 242, 1224, 99),
(1228, 44, 33, 'Jawa Tengah', 1066, 229, 771, 66),
(1229, 44, 73, 'Sulawesi Selatan', 840, 293, 496, 51),
(1230, 44, 36, 'Banten', 593, 158, 378, 57),
(1231, 44, 52, 'Nusa Tenggara Barat', 350, 138, 205, 7),
(1232, 44, 13, 'Sumatera Barat', 371, 86, 264, 21),
(1233, 44, 51, 'Bali', 337, 223, 110, 4),
(1234, 44, 94, 'Papua', 332, 48, 278, 6),
(1235, 44, 16, 'Sumatera Selatan', 441, 73, 359, 9),
(1236, 44, 63, 'Kalimantan Selatan', 291, 24, 258, 9),
(1237, 44, 64, 'Kalimantan Timur', 238, 57, 178, 3),
(1238, 44, 62, 'Kalimantan Tengah', 220, 30, 183, 7),
(1239, 44, 12, 'Sumatera Utara', 202, 53, 125, 24),
(1240, 44, 34, 'Daerah Istimewa Yogyakarta', 185, 68, 110, 7),
(1241, 44, 74, 'Sulawesi Tenggara', 167, 17, 147, 3),
(1242, 44, 65, 'Kalimantan Utara', 138, 20, 117, 1),
(1243, 44, 61, 'Kalimantan Barat', 129, 22, 104, 3),
(1244, 44, 21, 'Kepulauan Riau', 111, 77, 23, 11),
(1245, 44, 72, 'Sulawesi Tengah', 111, 21, 86, 4),
(1246, 44, 14, 'Riau', 94, 49, 39, 6),
(1247, 44, 71, 'Sulawesi Utara', 83, 30, 48, 5),
(1248, 44, 82, 'Maluku Utara', 81, 11, 67, 3),
(1249, 44, 76, 'Sulawesi Barat', 74, 20, 52, 2),
(1250, 44, 91, 'Papua Barat', 88, 2, 85, 1),
(1251, 44, 18, 'Lampung', 66, 22, 39, 5),
(1252, 44, 15, 'Jambi', 66, 3, 63, 0),
(1253, 44, 81, 'Maluku', 62, 17, 41, 4),
(1254, 44, 17, 'Bengkulu', 42, 1, 39, 2),
(1255, 44, 19, 'Kepulauan Bangka Belitung', 29, 7, 21, 1),
(1256, 44, 53, 'Nusa Tenggara Timur', 19, 1, 17, 1),
(1257, 44, 75, 'Gorontalo', 21, 13, 7, 1),
(1258, 44, 11, 'Aceh', 17, 13, 3, 1),
(1259, 45, 31, 'DKI Jakarta', 5774, 1276, 4038, 460),
(1260, 45, 35, 'Jawa Timur', 1921, 294, 1449, 178),
(1261, 45, 32, 'Jawa Barat', 1596, 259, 1237, 100),
(1262, 45, 33, 'Jawa Tengah', 1109, 234, 805, 70),
(1263, 45, 73, 'Sulawesi Selatan', 871, 293, 527, 51),
(1264, 45, 36, 'Banten', 622, 158, 404, 60),
(1265, 45, 16, 'Sumatera Selatan', 458, 73, 376, 9),
(1266, 45, 13, 'Sumatera Barat', 393, 88, 284, 21),
(1267, 45, 52, 'Nusa Tenggara Barat', 358, 188, 163, 7),
(1268, 45, 51, 'Bali', 343, 232, 107, 4),
(1269, 45, 94, 'Papua', 335, 48, 281, 6),
(1270, 45, 63, 'Kalimantan Selatan', 363, 24, 330, 9),
(1271, 45, 64, 'Kalimantan Timur', 251, 61, 187, 3),
(1272, 45, 62, 'Kalimantan Tengah', 227, 87, 129, 11),
(1273, 45, 12, 'Sumatera Utara', 202, 53, 125, 24),
(1274, 45, 34, 'Daerah Istimewa Yogyakarta', 188, 71, 110, 7),
(1275, 45, 74, 'Sulawesi Tenggara', 183, 24, 154, 5),
(1276, 45, 65, 'Kalimantan Utara', 141, 23, 117, 1),
(1277, 45, 61, 'Kalimantan Barat', 129, 22, 104, 3),
(1278, 45, 21, 'Kepulauan Riau', 115, 77, 27, 11),
(1279, 45, 72, 'Sulawesi Tengah', 112, 21, 87, 4),
(1280, 45, 14, 'Riau', 95, 53, 36, 6),
(1281, 45, 91, 'Papua Barat', 88, 2, 85, 1),
(1282, 45, 71, 'Sulawesi Utara', 105, 30, 70, 5),
(1283, 45, 82, 'Maluku Utara', 85, 12, 70, 3),
(1284, 45, 76, 'Sulawesi Barat', 74, 22, 50, 2),
(1285, 45, 15, 'Jambi', 69, 3, 66, 0),
(1286, 45, 18, 'Lampung', 66, 22, 39, 5),
(1287, 45, 81, 'Maluku', 62, 17, 41, 4),
(1288, 45, 17, 'Bengkulu', 53, 1, 50, 2),
(1289, 45, 19, 'Kepulauan Bangka Belitung', 29, 7, 21, 1),
(1290, 45, 75, 'Gorontalo', 22, 14, 7, 1),
(1291, 45, 53, 'Nusa Tenggara Timur', 19, 1, 17, 1),
(1292, 45, 11, 'Aceh', 17, 13, 3, 1),
(1293, 46, 31, 'DKI Jakarta', 5881, 1295, 4126, 460),
(1294, 46, 35, 'Jawa Timur', 2105, 302, 1620, 183),
(1295, 46, 32, 'Jawa Barat', 1618, 262, 1256, 100),
(1296, 46, 33, 'Jawa Tengah', 1140, 247, 823, 70),
(1297, 46, 73, 'Sulawesi Selatan', 917, 312, 553, 52),
(1298, 46, 36, 'Banten', 626, 158, 407, 61),
(1299, 46, 16, 'Sumatera Selatan', 458, 73, 374, 11),
(1300, 46, 13, 'Sumatera Barat', 396, 91, 283, 22),
(1301, 46, 63, 'Kalimantan Selatan', 370, 24, 337, 9),
(1302, 46, 52, 'Nusa Tenggara Barat', 365, 188, 170, 7),
(1303, 46, 51, 'Bali', 346, 243, 99, 4),
(1304, 46, 94, 'Papua', 350, 48, 296, 6),
(1305, 46, 64, 'Kalimantan Timur', 253, 63, 187, 3),
(1306, 46, 62, 'Kalimantan Tengah', 227, 87, 129, 11),
(1307, 46, 12, 'Sumatera Utara', 202, 53, 125, 24),
(1308, 46, 34, 'Daerah Istimewa Yogyakarta', 194, 77, 109, 8),
(1309, 46, 74, 'Sulawesi Tenggara', 189, 24, 160, 5),
(1310, 46, 65, 'Kalimantan Utara', 153, 29, 123, 1),
(1311, 46, 61, 'Kalimantan Barat', 131, 22, 106, 3),
(1312, 46, 21, 'Kepulauan Riau', 116, 80, 25, 11),
(1313, 46, 72, 'Sulawesi Tengah', 113, 22, 87, 4),
(1314, 46, 71, 'Sulawesi Utara', 114, 31, 77, 6),
(1315, 46, 14, 'Riau', 95, 54, 35, 6),
(1316, 46, 91, 'Papua Barat', 102, 5, 96, 1),
(1317, 46, 82, 'Maluku Utara', 88, 12, 72, 4),
(1318, 46, 76, 'Sulawesi Barat', 75, 23, 50, 2),
(1319, 46, 15, 'Jambi', 79, 3, 76, 0),
(1320, 46, 18, 'Lampung', 66, 26, 35, 5),
(1321, 46, 81, 'Maluku', 62, 17, 41, 4),
(1322, 46, 17, 'Bengkulu', 56, 1, 53, 2),
(1323, 46, 19, 'Kepulauan Bangka Belitung', 29, 7, 21, 1),
(1324, 46, 75, 'Gorontalo', 23, 15, 7, 1),
(1325, 46, 53, 'Nusa Tenggara Timur', 47, 2, 44, 1),
(1326, 46, 11, 'Aceh', 18, 15, 2, 1),
(1327, 47, 31, 'DKI Jakarta', 6010, 1306, 4241, 463),
(1328, 47, 35, 'Jawa Timur', 2152, 312, 1646, 194),
(1329, 47, 32, 'Jawa Barat', 1652, 320, 1222, 110),
(1330, 47, 33, 'Jawa Tengah', 1157, 247, 840, 70),
(1331, 47, 73, 'Sulawesi Selatan', 951, 319, 579, 53),
(1332, 47, 36, 'Banten', 650, 159, 430, 61),
(1333, 47, 16, 'Sumatera Selatan', 521, 73, 437, 11),
(1334, 47, 13, 'Sumatera Barat', 408, 95, 291, 22),
(1335, 47, 63, 'Kalimantan Selatan', 372, 73, 290, 9),
(1336, 47, 52, 'Nusa Tenggara Barat', 371, 200, 164, 7),
(1337, 47, 94, 'Papua', 383, 48, 329, 6),
(1338, 47, 51, 'Bali', 348, 250, 94, 4),
(1339, 47, 64, 'Kalimantan Timur', 254, 66, 185, 3),
(1340, 47, 62, 'Kalimantan Tengah', 227, 87, 129, 11),
(1341, 47, 12, 'Sumatera Utara', 218, 58, 134, 26),
(1342, 47, 34, 'Daerah Istimewa Yogyakarta', 199, 85, 106, 8),
(1343, 47, 74, 'Sulawesi Tenggara', 191, 24, 162, 5),
(1344, 47, 65, 'Kalimantan Utara', 155, 41, 113, 1),
(1345, 47, 61, 'Kalimantan Barat', 132, 24, 104, 4),
(1346, 47, 21, 'Kepulauan Riau', 116, 80, 25, 11),
(1347, 47, 71, 'Sulawesi Utara', 114, 31, 76, 7),
(1348, 47, 72, 'Sulawesi Tengah', 115, 24, 87, 4),
(1349, 47, 91, 'Papua Barat', 105, 5, 99, 1),
(1350, 47, 14, 'Riau', 99, 60, 33, 6),
(1351, 47, 82, 'Maluku Utara', 92, 12, 76, 4),
(1352, 47, 15, 'Jambi', 80, 4, 76, 0),
(1353, 47, 76, 'Sulawesi Barat', 75, 23, 50, 2),
(1354, 47, 18, 'Lampung', 67, 26, 36, 5),
(1355, 47, 81, 'Maluku', 84, 17, 61, 6),
(1356, 47, 17, 'Bengkulu', 65, 1, 62, 2),
(1357, 47, 53, 'Nusa Tenggara Timur', 59, 6, 52, 1),
(1358, 47, 19, 'Kepulauan Bangka Belitung', 29, 23, 5, 1),
(1359, 47, 75, 'Gorontalo', 24, 15, 8, 1),
(1360, 47, 11, 'Aceh', 18, 15, 2, 1);

-- --------------------------------------------------------

--
-- Table structure for table `nasional`
--

CREATE TABLE `nasional` (
  `id` int(11) NOT NULL,
  `positif` int(11) NOT NULL,
  `sembuh` int(11) NOT NULL,
  `meninggal` int(11) NOT NULL,
  `dalam_perawatan` int(11) NOT NULL,
  `created_at` datetime NOT NULL DEFAULT current_timestamp(),
  `updated_at` datetime NOT NULL DEFAULT current_timestamp()
) ENGINE=InnoDB DEFAULT CHARSET=utf8;

--
-- Dumping data for table `nasional`
--

INSERT INTO `nasional` (`id`, `positif`, `sembuh`, `meninggal`, `dalam_perawatan`, `created_at`, `updated_at`) VALUES
(4, 3842, 286, 327, 3229, '2020-04-12 01:21:16', '2020-04-12 19:35:54'),
(5, 4557, 380, 399, 3778, '2020-04-13 19:00:58', '2020-04-13 23:56:02'),
(6, 4839, 426, 459, 3954, '2020-04-14 00:00:03', '2020-04-14 23:56:02'),
(7, 5136, 446, 469, 4221, '2020-04-15 00:00:03', '2020-04-15 23:56:02'),
(8, 5516, 548, 496, 4472, '2020-04-16 00:00:04', '2020-04-16 23:56:02'),
(9, 5923, 607, 520, 4796, '2020-04-17 00:00:03', '2020-04-17 23:56:02'),
(10, 6248, 631, 535, 5082, '2020-04-18 00:00:04', '2020-04-18 23:56:02'),
(11, 6575, 686, 582, 5307, '2020-04-19 00:00:03', '2020-04-19 23:56:02'),
(13, 6760, 747, 590, 5423, '2020-04-20 00:00:03', '2020-04-20 17:48:17'),
(14, 6760, 747, 590, 5423, '2020-04-21 17:52:44', '2020-04-21 23:56:01'),
(15, 7418, 913, 635, 5870, '2020-04-22 00:00:03', '2020-04-22 23:56:02'),
(16, 7775, 960, 647, 6168, '2020-04-23 00:00:03', '2020-04-23 23:56:02'),
(17, 8211, 1002, 689, 6520, '2020-04-24 00:00:04', '2020-04-24 23:56:03'),
(18, 8607, 1042, 720, 6845, '2020-04-25 00:00:12', '2020-04-25 23:56:03'),
(19, 8882, 1107, 743, 7032, '2020-04-26 00:00:03', '2020-04-26 23:56:03'),
(20, 9096, 1151, 765, 7180, '2020-04-27 00:00:04', '2020-04-27 23:56:02'),
(21, 9511, 1254, 773, 7484, '2020-04-28 00:00:04', '2020-04-28 23:56:02'),
(22, 9771, 1391, 784, 7596, '2020-04-29 00:00:03', '2020-04-29 23:56:03'),
(23, 10118, 1522, 792, 7804, '2020-04-30 00:00:04', '2020-04-30 23:56:02'),
(24, 10118, 1522, 792, 7804, '2020-05-01 00:00:04', '2020-05-01 23:56:03'),
(25, 10843, 1665, 831, 8347, '2020-05-02 00:00:04', '2020-05-02 23:56:02'),
(26, 10843, 1665, 831, 8347, '2020-05-03 00:00:04', '2020-05-03 23:56:02'),
(27, 11587, 1954, 864, 8769, '2020-05-04 00:00:03', '2020-05-04 23:56:20'),
(28, 12071, 2197, 872, 9002, '2020-05-05 00:00:04', '2020-05-05 23:56:01'),
(29, 12071, 2197, 872, 9002, '2020-05-06 00:00:03', '2020-05-06 23:56:01'),
(30, 12776, 2381, 930, 9465, '2020-05-07 00:00:04', '2020-05-07 23:56:02'),
(31, 13112, 2494, 943, 9675, '2020-05-08 00:00:06', '2020-05-08 23:56:44'),
(32, 13645, 2607, 959, 10079, '2020-05-09 00:00:45', '2020-05-09 23:56:04'),
(33, 14032, 2698, 973, 10361, '2020-05-10 00:00:20', '2020-05-10 23:56:02'),
(34, 14265, 2881, 991, 10393, '2020-05-11 00:00:03', '2020-05-11 23:56:01'),
(35, 14749, 3063, 1007, 10679, '2020-05-12 00:00:03', '2020-05-12 23:56:02'),
(36, 15438, 3287, 1028, 11123, '2020-05-13 00:00:03', '2020-05-13 23:56:01'),
(37, 16006, 3518, 1043, 11445, '2020-05-14 00:00:04', '2020-05-14 23:56:01'),
(38, 16496, 3803, 1076, 11617, '2020-05-15 00:00:03', '2020-05-15 23:56:03'),
(39, 17025, 3911, 1089, 12025, '2020-05-16 00:00:05', '2020-05-16 23:56:03'),
(40, 17514, 4129, 1148, 12237, '2020-05-17 00:00:08', '2020-05-17 18:00:05');

-- --------------------------------------------------------

--
-- Table structure for table `pengambilan_provinsi`
--

CREATE TABLE `pengambilan_provinsi` (
  `id` int(11) NOT NULL,
  `created_at` datetime NOT NULL,
  `updated_at` datetime NOT NULL DEFAULT current_timestamp()
) ENGINE=InnoDB DEFAULT CHARSET=utf8;

--
-- Dumping data for table `pengambilan_provinsi`
--

INSERT INTO `pengambilan_provinsi` (`id`, `created_at`, `updated_at`) VALUES
(11, '2020-04-11 21:50:10', '2020-04-11 22:50:21'),
(12, '2020-04-12 01:21:18', '2020-04-12 01:21:18'),
(13, '2020-04-13 19:00:59', '2020-04-13 19:00:59'),
(14, '2020-04-14 00:00:03', '2020-04-14 23:56:03'),
(15, '2020-04-15 00:00:03', '2020-04-15 23:56:02'),
(16, '2020-04-16 00:00:04', '2020-04-16 23:56:02'),
(17, '2020-04-17 00:00:04', '2020-04-17 23:56:02'),
(18, '2020-04-18 00:00:04', '2020-04-18 23:56:02'),
(19, '2020-04-19 00:00:03', '2020-04-19 23:56:02'),
(20, '2020-04-20 00:00:03', '2020-04-20 23:56:03'),
(21, '2020-04-21 00:00:03', '2020-04-21 23:56:02'),
(22, '2020-04-22 00:00:03', '2020-04-22 23:56:02'),
(23, '2020-04-23 00:00:03', '2020-04-23 23:56:02'),
(24, '2020-04-24 00:00:05', '2020-04-24 23:56:04'),
(25, '2020-04-25 00:00:23', '2020-04-25 23:56:04'),
(26, '2020-04-26 00:00:04', '2020-04-26 23:56:04'),
(27, '2020-04-27 00:00:05', '2020-04-27 23:56:04'),
(28, '2020-04-28 00:00:06', '2020-04-28 23:56:03'),
(29, '2020-04-29 00:00:05', '2020-04-29 23:56:04'),
(30, '2020-04-30 00:00:06', '2020-04-30 23:56:04'),
(31, '2020-05-01 00:00:06', '2020-05-01 23:56:04'),
(32, '2020-05-02 00:00:05', '2020-05-02 23:56:04'),
(33, '2020-05-03 00:00:05', '2020-05-03 23:56:04'),
(34, '2020-05-04 00:00:05', '2020-05-04 23:56:59'),
(35, '2020-05-05 00:00:06', '2020-05-05 23:56:02'),
(36, '2020-05-06 00:00:04', '2020-05-06 23:56:02'),
(37, '2020-05-07 00:00:05', '2020-05-07 23:56:03'),
(38, '2020-05-08 00:00:12', '2020-05-08 23:57:28'),
(39, '2020-05-09 00:01:23', '2020-05-09 23:56:06'),
(40, '2020-05-10 00:00:38', '2020-05-10 23:56:02'),
(41, '2020-05-11 00:00:04', '2020-05-11 23:56:02'),
(42, '2020-05-12 00:00:04', '2020-05-12 23:56:02'),
(43, '2020-05-13 00:00:03', '2020-05-13 23:56:02'),
(44, '2020-05-14 00:00:04', '2020-05-14 23:56:02'),
(45, '2020-05-15 00:00:03', '2020-05-15 23:56:03'),
(46, '2020-05-16 00:00:05', '2020-05-16 23:56:03'),
(47, '2020-05-17 00:00:08', '2020-05-17 18:00:07');

--
-- Indexes for dumped tables
--

--
-- Indexes for table `detail_pengambilan_provinsi`
--
ALTER TABLE `detail_pengambilan_provinsi`
  ADD PRIMARY KEY (`id`);

--
-- Indexes for table `nasional`
--
ALTER TABLE `nasional`
  ADD PRIMARY KEY (`id`);

--
-- Indexes for table `pengambilan_provinsi`
--
ALTER TABLE `pengambilan_provinsi`
  ADD PRIMARY KEY (`id`);

--
-- AUTO_INCREMENT for dumped tables
--

--
-- AUTO_INCREMENT for table `detail_pengambilan_provinsi`
--
ALTER TABLE `detail_pengambilan_provinsi`
  MODIFY `id` int(11) NOT NULL AUTO_INCREMENT, AUTO_INCREMENT=1361;

--
-- AUTO_INCREMENT for table `nasional`
--
ALTER TABLE `nasional`
  MODIFY `id` int(11) NOT NULL AUTO_INCREMENT, AUTO_INCREMENT=41;

--
-- AUTO_INCREMENT for table `pengambilan_provinsi`
--
ALTER TABLE `pengambilan_provinsi`
  MODIFY `id` int(11) NOT NULL AUTO_INCREMENT, AUTO_INCREMENT=48;
COMMIT;

/*!40101 SET CHARACTER_SET_CLIENT=@OLD_CHARACTER_SET_CLIENT */;
/*!40101 SET CHARACTER_SET_RESULTS=@OLD_CHARACTER_SET_RESULTS */;
/*!40101 SET COLLATION_CONNECTION=@OLD_COLLATION_CONNECTION */;
